鄉鎮市區,交易標的,土地位置建物門牌,土地面積平方公尺,都市土地使用分區,非都市土地使用分區,非都市土地使用編定,租賃年月日,租賃筆棟數,租賃層次,總樓層數,建物型態,主要用途,主要建材,建築完成年月,建物總面積平方公尺,建物現況格局-房,建物現況格局-廳,建物現況格局-衛,建物現況格局-隔間,有無管理組織,有無附傢俱,總額元,單價元平方公尺,車位類別,車位面積平方公尺,車位總額元,備註,編號,出租型態,有無管理員,租賃期間,有無電梯,附屬設備,租賃住宅服務
The villages and towns urban district,transaction sign,land sector position building sector house number plate,land shifting total area square meter,the use zoning or compiles and checks,the non-metropolis land use district,non-metropolis land use,transaction year month and day,transaction pen number,shifting level,total floor number,building state,main use,main building materials,construction to complete the years,building shifting total area,Building present situation pattern - room,building present situation pattern - hall,building present situation pattern - health,building present situation pattern - compartmented,Whether there is manages the organization,Whether there is attaches the furniture,total price NTD,the unit price (NTD / square meter),the berth category,berth shifting total area square meter,the berth total price NTD,the note,serial number,Rental type,Residential Manager,Rental period,elevator,equipment,Rental residential services
松山區,租賃房屋,臺北市松山區八德路四段９２號,0.0,,,,1140921,土地0建物0車位0,全,3,透天厝,,加強磚造,,43.0,4,4,4,有,無,有,28100,653,,0.0,0,多人共同承租2；含增建或未登記建物；續租案件；,RPQNMLLLRHKGFDA08CC,分租套房,無,1141026~1151025,無,冷氣、熱水器、電視機、冰箱、瓦斯或天然氣、有線電視、網路,一般轉租
中山區,租賃房屋,臺北市中山區林森北路５８５號６樓之３,0.0,,,,1140922,土地0建物1車位0,六層,13,住宅大樓(11層含以上有電梯),住家用,鋼筋混凝土造,1000726,120.75999999999999,3,1,1,有,有,有,63000,522,,0.0,0,其他租金內含所得稅、健保補充保費；,RPWOMLMLRHKGFCA78CC,整棟(戶)出租,有,1141005~1161004,有,冷氣、熱水器、洗衣機、電視機、冰箱,
信義區,租賃房屋,臺北市信義區永吉路２７８巷３７弄１４號４樓,0.0,,,,1140922,土地0建物1車位0,四層,4,公寓(5樓含以下無電梯),住家用,加強磚造,0571119,102.12,3,2,1,有,無,無,32000,313,,0.0,0,多人共同承租3；,RPQNMLMLRHKGFDA18CC,整棟(戶)出租,無,1141011~1151010,無,冷氣、熱水器、洗衣機、冰箱、瓦斯或天然氣,
士林區,租賃房屋+車位,臺北市士林區中山北路六段 １９５ 巷 １５ 號 ８ 樓之 １,0.0,,,,1140921,土地0建物1車位1,八層,21,住宅大樓(11層含以上有電梯),住家用,鋼骨鋼筋混凝土造,1080403,238.55,3,2,3,有,有,無,145000,608,坡道平面,33.76,0,租金含稅租金總額含管理費；,RPSNMLMLRHKGFEA48CC,整棟(戶)出租,有,1140925~1160924,有,,
士林區,租賃房屋,臺北市士林區基河路１２８號１１樓之１２,0.0,,,,1140922,土地0建物1車位0,十一層,11,住宅大樓(11層含以上有電梯),住家用,鋼筋混凝土造,0850916,67.47999999999999,1,0,1,有,有,有,13000,193,,0.0,0,未租賃車位，建物登記含有車位面積；續租案件；,RPQOMLMLRHKGFEA38CC,獨立套房,有,1140920~1150919,有,冷氣、洗衣機、冰箱,社會住宅包租轉租
文山區,租賃房屋,臺北市文山區政大二街２１５巷２１號五樓,0.0,,,,1140922,土地0建物1車位0,五層,9,華廈(10層含以下有電梯),住家用,鋼筋混凝土造,0861126,92.33,2,2,1,有,有,有,27500,298,,0.0,0,臺北市社會住宅包租代管計畫之物件，評定市價租金為34400元，因選擇「包租」方案須打8折，且簽約租金無條件捨去至百分位，實際租賃契約金額27500元。管理費每個月2672元不包含在租金內,RPUNMLNLRHKGFAA38CC,整棟(戶)出租,有,1140922~1170921,有,冷氣、熱水器、洗衣機、瓦斯或天然氣,社會住宅包租轉租
大同區,租賃房屋,臺北市大同區承德路２段１０９巷１號８樓之２,0.0,,,,1140923,土地0建物1車位0,八層,11,住宅大樓(11層含以上有電梯),多戶住宅（Ｈ２）,鋼筋混凝土造,1110816,75.02000000000001,2,1,1,有,有,有,56000,746,,0.0,0,租金總額含管理費；其他租金內含所得稅、健保補充保費；續租案件；,RPPOMLNLRHKGFBA08CC,整棟(戶)出租,有,1141028~1161027,有,冷氣、熱水器、洗衣機、電視機、冰箱,
中正區,租賃房屋,臺北市中正區衡陽路８５號９樓之２,0.0,,,,1140922,土地0建物1車位0,九層,11,住宅大樓(11層含以上有電梯),商業用,鋼筋混凝土造,0831212,27.86,1,0,1,有,有,有,12500,449,,0.0,0,續租案件；,RPSOMLNLRHKGFBA38CC,獨立套房,有,1140922~1150921,有,冷氣、電視機、冰箱,社會住宅代管
中山區,租賃房屋,臺北市中山區龍江路４５７巷９號１樓,0.0,,,,1140923,土地0建物0車位0,一層,4,公寓(5樓含以下無電梯),住家用,鋼筋混凝土造,0651115,16.53,6,0,3,有,無,無,17500,1059,,0.0,0,多人共同承租2；含增建或未登記建物；續租案件；,RPWOMLNLRHKGFCA88CC,分租套房,無,1141015~1151014,無,冷氣,一般轉租
南港區,租賃房屋,臺北市南港區研究院路二段１３４巷１４號四樓,0.0,,,,1140923,土地0建物1車位0,四層,4,公寓(5樓含以下無電梯),住家用,加強磚造,0620903,87.78,3,2,1,有,無,無,21000,239,,0.0,0,國家住宅及都市更新中心社會住宅包租代管計畫之物件，評定市價租金為26250元，因選擇「包租」方案須打8折，且簽約租金無條件捨去至百分位，實際租賃契約金額21000元。續租案件；,RPUNMLNLRHKGFDA68CC,整棟(戶)出租,無,1141021~1160528,無,冷氣、熱水器、洗衣機、電視機、瓦斯或天然氣,社會住宅包租轉租
信義區,租賃房屋,臺北市信義區吳興街３４５號,0.0,,,,1140922,土地0建物1車位0,一層,4,店面(店鋪),商業用,鋼筋混凝土造,0680801,113.23,0,0,0,無,無,無,70000,618,,0.0,0,,RPTOMLNLRHKGFDA68CC,,無,1141101~1161031,無,,
松山區,租賃房屋,臺北市松山區民生東路五段２０２號１５樓之２,0.0,,,,1140922,土地0建物1車位0,十五層,20,住宅大樓(11層含以上有電梯),住家用,鋼筋混凝土造,0780629,34.65,1,1,1,有,有,有,20000,577,,0.0,0,,RPWOMLNLRHKGFDA98CC,整棟(戶)出租,有,1141001~1160930,有,冷氣、熱水器、洗衣機、電視機、冰箱、瓦斯或天然氣,
北投區,租賃房屋,臺北市北投區中央北路二段４２巷１１弄１７號５樓,27.57,住,,,1140922,土地1建物1車位0,五層,5,華廈(10層含以下有電梯),住家用,鋼筋混凝土造,0810602,96.75999999999999,3,2,1,有,無,無,32000,331,,0.0,0,多人共同承租3；,RPUNMLNLRHKGFEA78CC,整棟(戶)出租,無,1140922~1160921,有,冷氣、熱水器、瓦斯或天然氣,
北投區,租賃房屋,臺北市北投區中和街３２０巷２號五樓,0.0,,,,1140921,土地0建物1車位0,五層,5,公寓(5樓含以下無電梯),住家用,鋼筋混凝土造,0710119,97.25,2,2,1,有,無,無,23800,245,,0.0,0,,RPPOMLNLRHKGFEA38CC,整棟(戶)出租,無,1141001~1150930,無,冷氣、熱水器、瓦斯或天然氣,
北投區,租賃房屋,臺北市北投區大度路三段２７０巷６９號１１樓之６,0.0,,,,1140923,土地0建物1車位0,十一層,19,住宅大樓(11層含以上有電梯),一般事務所,鋼筋混凝土造,1010217,157.4,3,1,1,有,有,有,35000,222,,0.0,0,未租賃車位，建物登記含有車位面積；,RPSPMLNLRHKGFEA78CC,整棟(戶)出租,有,1141001~1150930,有,冷氣、熱水器、洗衣機、電視機、冰箱、瓦斯或天然氣,一般轉租
大安區,租賃房屋,臺北市大安區和平東路三段１０９號４樓,0.0,,,,1140921,土地0建物0車位0,四層,12,住宅大樓(11層含以上有電梯),商業用,鋼筋混凝土造,0721108,18.5,4,1,2,有,有,有,16000,865,,0.0,0,租金總額含管理費；網路費；租賃建物部分範圍，且未計入共有部分面積；續租案件；,RPSNMLNLRHKGFFA68CC,分租雅房,有,1140928~1150627,有,冷氣、熱水器、洗衣機、冰箱、瓦斯或天然氣、網路,一般轉租
大安區,租賃房屋,臺北市大安區忠孝東路四段３３３號五樓之１,0.0,,,,1140923,土地0建物1車位0,五層,12,住宅大樓(11層含以上有電梯),住家用,鋼筋混凝土造,0680110,101.62,1,1,1,有,有,無,50000,492,,0.0,0,租賃期間含免租金裝潢期114年10月1日至114年10月31日。,RPWNMLNLRHKGFFA09CC,,有,1141001~1190930,有,冷氣,
文山區,租賃房屋,臺北市文山區興隆路二段９６巷２弄３號二樓,0.0,,,,1140922,土地0建物1車位0,二層,5,公寓(5樓含以下無電梯),住家用,鋼筋混凝土造,0680518,97.91,3,2,2,有,無,有,30000,306,,0.0,0,此為國家住宅及都市更新中心社會住宅包租代管計畫之物件。續租案件；,RPSNMLOLRHKGFAA28CC,整棟(戶)出租,無,1141012~1151011,無,冷氣、熱水器、瓦斯或天然氣,社會住宅代管
中正區,租賃房屋,臺北市中正區漢口街一段３２號,0.0,,,,1140922,土地0建物0車位0,全,6,透天厝,一層：店舖，二至六層：住宅,鋼筋混凝土造,0600123,6.84,21,0,14,有,無,有,6000,877,,0.0,0,,RPPNMLOLRHKGFBA08CC,分租雅房,無,1140922~1150921,無,冷氣、熱水器、電視機、冰箱,一般轉租
中正區,租賃房屋,臺北市中正區漢口街一段３２號,0.0,,,,1140922,土地0建物0車位0,全,6,透天厝,一層：店舖，二至六層：住宅,鋼筋混凝土造,0600123,6.84,21,0,14,有,無,有,6000,877,,0.0,0,,RPQNMLOLRHKGFBA18CC,分租雅房,無,1140922~1150921,無,冷氣、熱水器、電視機、冰箱,一般轉租
萬華區,租賃房屋,臺北市萬華區萬大路３２２巷５５弄１９號四樓,0.0,,,,1140922,土地0建物1車位0,四層,5,公寓(5樓含以下無電梯),住家用,鋼筋混凝土造,0721215,84.55,3,2,2,有,無,有,19900,235,,0.0,0,此為台北市社會住宅包租代管計畫之物件。續租案件；,RPVNMLOLRHKGFBA68CC,整棟(戶)出租,無,1141125~1161124,無,冷氣、熱水器、冰箱,社會住宅包租轉租
萬華區,租賃房屋,臺北市萬華區西昌街１１１號四樓,0.0,,,,1140922,土地0建物1車位0,四層,5,公寓(5樓含以下無電梯),住家用,鋼筋混凝土造,0741120,97.06,3,1,1,有,無,有,18500,191,,0.0,0,此為台北市社會住宅包租代管計畫之物件。續租案件；,RPXNMLOLRHKGFBA88CC,整棟(戶)出租,無,1141215~1161214,無,冷氣、熱水器、瓦斯或天然氣,社會住宅包租轉租
大同區,租賃房屋,臺北市大同區重慶北路３段１１１號,0.0,,,,1140922,土地0建物0車位0,全,4,透天厝,,加強磚造,,42.9,5,4,4,有,無,有,24000,559,,0.0,0,多人共同承租2；租賃建物部分範圍，且未計入共有部分面積；,RPQOMLOLRHKGFBA28CC,分租套房,無,1140925~1150924,無,冷氣、熱水器、電視機、冰箱,一般轉租
大同區,租賃房屋,臺北市大同區重慶北路二段１８８號,19.54,商,,,1140923,土地1建物1車位0,一層,12,辦公商業大樓,商業用,鋼筋混凝土造,0820819,167.73000000000002,0,0,0,無,有,無,90000,537,,0.0,0,114.10.01-114.10.31裝潢期免租金租金總額含稅；,RPROMLOLRHKGFBA38CC,,有,1141001~1161031,有,,
大同區,租賃房屋,臺北市大同區民族西路３０３巷５弄５號二樓,0.0,,,,1140922,土地0建物1車位0,二層,5,公寓(5樓含以下無電梯),住家用,鋼筋混凝土造,0670530,73.7,2,2,1,有,無,無,19900,270,,0.0,0,此為國家住宅及都市更新中心社會住宅包租代管計畫之物件。,RPOPMLOLRHKGFBA18CC,整棟(戶)出租,無,1140925~1150924,無,冷氣、熱水器、瓦斯或天然氣,社會住宅包租轉租
萬華區,租賃房屋,臺北市萬華區華西街４０巷２號,0.0,,,,1140922,土地0建物1車位0,一層,1,其他,,土造,,13.12,1,0,1,有,無,有,6000,457,,0.0,0,續租案件；,RPTPMLOLRHKGFBA68CC,獨立套房,無,1141001~1150930,無,熱水器、冰箱,一般轉租
中山區,租賃房屋,臺北市中山區吉林路３０６號,0.0,,,,1140923,土地0建物1車位0,一層,5,店面(店鋪),住家用,鋼筋混凝土造,0610915,107.41,0,1,2,有,無,無,115000,1071,,0.0,0,租金總額含稅；其他二代健保補充保費；,RPQNMLOLRHKGFCA28CC,,無,1141201~1191130,無,,
內湖區,租賃房屋,臺北市內湖區文德路６６巷３６弄１１號２樓,0.0,,,,1140922,土地0建物1車位0,二層,7,華廈(10層含以下有電梯),住家用,鋼筋混凝土造,0730131,138.76,3,2,2,有,有,有,35100,253,,0.0,0,此為國家住宅及都市更新中心社會住宅包租代管計畫之物件。,RPWNMLOLRHKGFCA88CC,整棟(戶)出租,有,1140925~1150924,有,冷氣、熱水器、瓦斯或天然氣,社會住宅代管
中山區,租賃房屋,臺北市中山區林森北路１０７巷３０號７樓之８,0.0,,,,1140922,土地0建物1車位0,七層,8,華廈(10層含以下有電梯),住家用,鋼筋混凝土造,0711115,28.06,1,1,1,有,有,有,15000,535,,0.0,0,此為國家住宅及都市更新中心社會住宅包租代管計畫之物件，評定市價租金為18800元，因選擇包租方案須打8折且簽約租金無條件捨去至百分位，實際租賃契約金額15000元。續租案件；,RPTOMLOLRHKGFCA68CC,獨立套房,有,1141004~1151002,有,冷氣、熱水器、洗衣機、冰箱,社會住宅包租轉租
內湖區,租賃房屋,臺北市內湖區安泰街５３巷１號四樓,0.0,,,,1140922,土地0建物1車位0,四層,5,公寓(5樓含以下無電梯),住家用,鋼筋混凝土造,0730706,119.44,3,2,2,有,無,有,19900,167,,0.0,0,,RPQPMLOLRHKGFCA48CC,整棟(戶)出租,無,1141015~1151014,無,冷氣、熱水器、電視機、冰箱、瓦斯或天然氣,社會住宅包租轉租
松山區,租賃房屋,臺北市松山區敦化北路１００號,0.0,,,,1140922,土地0建物0車位0,十一層,15,住宅大樓(11層含以上有電梯),商業用,鋼骨鋼筋混凝土造,0721005,30.73,300,10,300,有,無,有,19500,635,,0.0,0,租金總額含電費；租賃建物部分範圍，且未計入共有部分面積；續租案件；,RPPNMLOLRHKGFDA28CC,分租套房,有,1141006~1151005,有,冷氣、電視機、冰箱,一般轉租
南港區,租賃房屋,臺北市南港區舊莊街一段３巷１弄１號２樓,0.0,,,,1140924,土地0建物1車位0,二層,4,公寓(5樓含以下無電梯),住家用,鋼筋混凝土造,0641231,99.58,3,2,1,有,無,有,30000,301,,0.0,0,,RPWNMLOLRHKGFDA98CC,整棟(戶)出租,無,1141018~1161017,無,冷氣、熱水器、洗衣機、電視機、瓦斯或天然氣,社會住宅包租轉租
信義區,租賃房屋,臺北市信義區光復南路４１５巷４２號３樓,0.0,,,,1140924,土地0建物1車位0,三層,5,公寓(5樓含以下無電梯),住家用,鋼筋混凝土造,0740919,51.2,1,2,1,有,無,有,25200,492,,0.0,0,續租案件；,RPXNMLOLRHKGFDA09CC,獨立套房,無,1141015~1161014,無,冷氣、熱水器、洗衣機、冰箱,
南港區,租賃房屋,臺北市南港區舊莊街一段９０巷５號二樓,0.0,,,,1140922,土地0建物1車位0,二層,2,公寓(5樓含以下無電梯),住家用,加強磚造,,40.44,2,1,1,有,無,有,23500,581,,0.0,0,國家住宅及都市更新中心社會住宅包租代管計畫之物件，評定市價租金為26000元，因選擇「代管」方案須打9折，且簽約租金無條件捨去至百分位，實際租賃契約金額 23500元。,RPQOMLOLRHKGFDA48CC,整棟(戶)出租,無,1140922~1150921,無,冷氣、熱水器、洗衣機、電視機、冰箱,社會住宅代管
松山區,租賃房屋,臺北市松山區敦化南路一段１００巷５弄１號三樓,0.0,,,,1140922,土地0建物1車位0,三層,4,公寓(5樓含以下無電梯),住家用,加強磚造,0560926,57.52,2,1,1,有,無,有,21000,365,,0.0,0,續租案件；,RPWOMLOLRHKGFDA09CC,整棟(戶)出租,無,1141101~1151031,無,冷氣、熱水器、瓦斯或天然氣,社會住宅代管
北投區,租賃房屋,臺北市北投區中和街４９３巷１弄３號四樓,0.0,,,,1140922,土地0建物0車位0,四層,5,公寓(5樓含以下無電梯),住家用,鋼筋混凝土造,0711227,25.27,4,0,4,有,無,有,8000,317,,0.0,0,,RPPNMLOLRHKGFEA38CC,分租套房,無,1140922~1150921,無,冷氣、熱水器,一般轉租
士林區,租賃房屋,臺北市士林區延平北路五段５６號,0.0,,,,1140922,土地0建物0車位0,全,4,透天厝,住商用,鋼筋混凝土造,0620123,17.75,14,0,14,有,無,有,13500,761,,0.0,0,續租案件；,RPRNMLOLRHKGFEA58CC,分租套房,無,1141001~1150930,無,冷氣、洗衣機、電視機、冰箱,一般轉租
士林區,租賃房屋,臺北市士林區福志路６６號１樓,18.73,住,,,1140923,土地1建物1車位0,一層,7,店面(店鋪),住家用,鋼筋混凝土造,0910109,108.04,3,1,1,有,有,無,42000,389,,0.0,0,多人共同承租2；,RPSNMLOLRHKGFEA68CC,,有,1141015~1161014,有,,
北投區,租賃房屋,臺北市北投區知行路２巷４號,0.0,,,,1140923,土地0建物1車位0,全,1,透天厝,住家用,加強磚造,0560506,61.2,2,2,1,有,無,有,17500,286,,0.0,0,續租案件；,RPTNMLOLRHKGFEA78CC,整棟(戶)出租,無,1140927~1150926,無,熱水器、瓦斯或天然氣,社會住宅包租轉租
北投區,租賃房屋,臺北市北投區中和街４９３巷１弄３號四樓,0.0,,,,1140922,土地0建物0車位0,四層,5,公寓(5樓含以下無電梯),住家用,鋼筋混凝土造,0711227,25.27,4,0,4,有,無,有,8000,317,,0.0,0,,RPUNMLOLRHKGFEA88CC,分租套房,無,1140922~1150921,無,冷氣、熱水器,一般轉租
北投區,租賃房屋,臺北市北投區公?路２３１巷７弄９號四樓,0.0,,,,1140923,土地0建物1車位0,四層,8,華廈(10層含以下有電梯),住家用,鋼筋混凝土造,0830924,100.08,2,2,1,有,有,有,32000,320,,0.0,0,臺北市社會住宅包租代管計畫之物件，評定市價租金為35600元，因選擇「代管」方案須打9折且簽約租金無條件捨去至百分位，實際租賃契約金額32000元。管理費每個月2000元不包含在租金內,RPVNMLOLRHKGFEA98CC,整棟(戶)出租,有,1140930~1150929,有,冷氣、熱水器、瓦斯或天然氣,社會住宅代管
北投區,租賃房屋,臺北市北投區自強街５巷６０號三樓,0.0,,,,1140922,土地0建物1車位0,三層,4,公寓(5樓含以下無電梯),住家用,鋼筋混凝土造,0710115,68.51,2,2,1,有,無,有,25000,365,,0.0,0,國家住宅及都市更新中心社會住宅包租代管計畫之物件，評定市價租金為27800元，因選擇「代管」方案須打9折，且簽約租金無條件捨去至百分位，實際租賃契約金額 25000元。續租案件；,RPXNMLOLRHKGFEA56CC,整棟(戶)出租,無,1141027~1151026,無,冷氣、熱水器、洗衣機、冰箱,社會住宅代管
士林區,租賃房屋,臺北市士林區基河路１２８號１１樓之１６,0.0,,,,1140922,土地0建物1車位0,十一層,11,住宅大樓(11層含以上有電梯),住家用,鋼筋混凝土造,0850916,67.47999999999999,1,1,1,有,有,有,15000,222,,0.0,0,此為國家住宅及都市更新中心社會住宅包租代管計畫之物件，評定市價租金為18800元，因選擇包租方案須打8折且簽約租金無條件捨去至百分位，實際租賃契約金額15000元。,RPOOMLOLRHKGFEA38CC,獨立套房,有,1141001~1150930,有,冷氣、熱水器、洗衣機、電視機、冰箱、網路,社會住宅包租轉租
北投區,租賃房屋,臺北市北投區中和街２０巷２號六樓之７,0.0,,,,1140921,土地0建物1車位0,六層,13,住宅大樓(11層含以上有電梯),自由職業事務所,鋼筋混凝土造,0950626,35.94,1,1,1,有,有,有,19586,545,,0.0,0,租金已扣除管理費1414元含增建或未登記建物；,RPPOMLOLRHKGFEA48CC,獨立套房,有,1140922~1160922,有,冷氣、熱水器、瓦斯或天然氣,
士林區,租賃房屋,臺北市士林區中山北路七段１９０巷１２弄５號二樓,0.0,,,,1140924,土地0建物1車位0,二層,7,華廈(10層含以下有電梯),住家用,鋼筋混凝土造,0691101,181.49,3,1,1,有,無,無,33000,182,,0.0,0,國家住宅及都市更新中心社會住宅包租代管計畫之物件，評定市價租金為36700元，因選擇「代管」方案須打9折，且簽約租金無條件捨去至百分位，實際租賃契約金額33000元。,RPROMLOLRHKGFEA68CC,整棟(戶)出租,無,1141001~1150930,有,冷氣、熱水器,社會住宅代管
文山區,租賃房屋,臺北市文山區仙岩路２２巷２號５樓之２,0.0,,,,1140923,土地0建物1車位0,五層,6,華廈(10層含以下有電梯),住家用,鋼筋混凝土造,0840724,42.61,1,0,1,有,有,有,18000,422,,0.0,0,管理費：773元，租金不含管理費，由承租人負擔。此為臺北市社會住宅包租代管計畫之物件，評定市價租金為22500元，因選擇包租方案須打8折且簽約租金無條件捨去至百分位，實際租賃契約金額18000元。,RPSNMLPLRHKGFAA38CC,獨立套房,有,1141001~1170930,有,冷氣、熱水器、瓦斯或天然氣,社會住宅包租轉租
中正區,租賃房屋,臺北市中正區廈門街１００之１號五樓,0.0,,,,1140923,土地0建物1車位0,五層,5,公寓(5樓含以下無電梯),住家用,鋼筋混凝土造,0680301,102.81,3,2,2,有,無,有,19900,194,,0.0,0,臺北市社會住宅包租代管計畫之物件，評定市價租金為24900元，因選擇「包租」方案須打8折，且簽約租金無條件捨去至百分位，實際租賃契約金額19900元。,RPTNMLPLRHKGFAA48CC,整棟(戶)出租,無,1141001~1150930,無,冷氣、熱水器、洗衣機、瓦斯或天然氣,社會住宅代管
文山區,租賃房屋,臺北市文山區木新路三段２７０號４樓,0.0,,,,1140922,土地0建物1車位0,四層,5,公寓(5樓含以下無電梯),住家用,鋼筋混凝土造,0750304,111.37,3,2,2,有,無,無,26000,233,,0.0,0,1.此為臺北市社會住宅包租代管計畫之物件，評定市價租金為28900元，因選擇代管方案須打9折且簽約租金無條件捨去至百分位，實際租賃契約金額26000元。續租案件；,RPWNMLPLRHKGFAA78CC,整棟(戶)出租,無,1141001~1150930,無,熱水器、瓦斯或天然氣,社會住宅代管
萬華區,租賃房屋,臺北市萬華區西寧南路２１４號四樓,0.0,,,,1140923,土地0建物0車位0,四層,4,公寓(5樓含以下無電梯),住家用,鋼筋混凝土造,0620528,23.4,3,0,3,有,無,有,12800,547,,0.0,0,續租案件；,RPRNMLPLRHKGFBA38CC,分租套房,無,1140925~1150924,無,冷氣、熱水器、洗衣機、電視機、冰箱,一般轉租
萬華區,租賃房屋,臺北市萬華區成都路１０６號４樓,0.0,,,,1140923,土地0建物1車位0,四層,14,住宅大樓(11層含以上有電梯),住家用,鋼筋混凝土造,0961025,61.11,2,1,1,有,有,有,24000,393,,0.0,0,1.管理費：2219元，租金不含管理費，由承租人負擔。2.此為臺北市社會住宅包租代管計畫之物件，評定市價租金為26700元，因選擇代管方案須打9折且簽約租金無條件捨去至百分位，實際租賃契約金額24000元。,RPQOMLPLRHKGFBA38CC,整棟(戶)出租,有,1141001~1150930,有,冷氣、熱水器、洗衣機、電視機、冰箱,社會住宅代管
內湖區,租賃房屋,臺北市內湖區陽光街９２巷１４弄３號三樓,0.0,,,,1140924,土地0建物1車位0,三層,5,公寓(5樓含以下無電梯),住家用,鋼筋混凝土造,0711224,68.05,2,2,2,有,無,有,30000,441,,0.0,0,國家住宅及都市更新中心社會住宅包租代管計畫之物件，評定市價租金為33400元，因選擇「代管」方案須打9折，且簽約租金無條件捨去至百分位，實際租賃契約金額30000元。續租案件；,RPXNMLPLRHKGFCA09CC,整棟(戶)出租,無,1141001~1150930,無,冷氣、熱水器、洗衣機、冰箱,社會住宅代管
中山區,租賃房屋,臺北市中山區農安街３２號６樓之５,0.0,,,,1140923,土地0建物1車位0,六層,10,華廈(10層含以下有電梯),住家用,鋼筋混凝土造,0680420,32.269999999999996,1,1,1,有,有,有,18000,558,,0.0,0,此為國家住宅及都市更新中心社會住宅包租代管計畫之物件，評定市價租金為22500元，因選擇包租方案須打8折且簽約租金無條件捨去至百分位，實際租賃契約金額18000元。,RPOOMLPLRHKGFCA28CC,獨立套房,有,1140910~1150909,有,冷氣、熱水器、洗衣機、電視機、冰箱、瓦斯或天然氣,社會住宅包租轉租
中山區,租賃房屋,臺北市中山區龍江路３９７巷３３號,31.04,住,,,1140924,土地1建物1車位0,一層,5,公寓(5樓含以下無電梯),住家用,鋼筋混凝土造,0750326,163.3,3,2,2,有,無,無,55000,337,,0.0,0,114年10月11日起至114年11月10日止為免租裝潢期租金含稅及二代健保補充保費租金總額含稅；含增建或未登記建物；,RPROMLPLRHKGFCA58CC,,無,1141011~1171110,無,,
中山區,租賃房屋,臺北市中山區林森北路１４７號１１樓,0.0,,,,1140923,土地0建物1車位0,十一層,12,住宅大樓(11層含以上有電梯),住家用,鋼筋混凝土造,0700515,19.0,1,1,1,有,有,有,16000,842,,0.0,0,此為國家住宅都市更新中心社會住宅包租代管計畫之物件，評定市價租金為17800元，因選擇代管方案須打9折且簽約租金無條件捨去至百分位，實際租賃契約金額16000元。續租案件；,RPSOMLPLRHKGFCA68CC,獨立套房,有,1141005~1151004,有,冷氣、熱水器、洗衣機、電視機、冰箱、瓦斯或天然氣,社會住宅代管
內湖區,租賃房屋,臺北市內湖區民權東路六段８１巷１７弄４號２樓,0.0,,,,1140924,土地0建物1車位0,二層,5,公寓(5樓含以下無電梯),住家用,鋼筋混凝土造,0701228,102.89,3,2,1,有,無,有,26000,253,,0.0,0,此為國家住宅都市更新中心社會住宅包租代管計畫之物件，評定市價租金為28900元，因選擇代管方案須打9折且簽約租金無條件捨去至百分位，實際租賃契約金額26000元。,RPRPMLPLRHKGFCA68CC,整棟(戶)出租,無,1140930~1150929,無,熱水器、瓦斯或天然氣,社會住宅代管
中山區,租賃房屋,臺北市中山區長春路２０９號三樓,0.0,,,,1140923,土地0建物0車位0,三層,4,公寓(5樓含以下無電梯),住家用,鋼筋混凝土造,0631205,28.12,3,0,3,有,無,有,15000,533,,0.0,0,續租案件；,RPTPMLPLRHKGFCA88CC,分租套房,無,1141121~1151120,無,冷氣、熱水器、洗衣機、電視機、冰箱,一般轉租
中山區,租賃房屋,臺北市中山區中山北路１段８３巷３６號１４樓,0.0,,,,1140924,土地0建物1車位0,十四層,15,住宅大樓(11層含以上有電梯),住家用,鋼筋混凝土造,0970314,133.0,2,2,2,有,有,有,57000,429,,0.0,0,其他租金內含所得稅、健保補充保費；續租案件；,RPWPMLPLRHKGFCA56CC,整棟(戶)出租,有,1141019~1151018,有,冷氣、熱水器、洗衣機、電視機、冰箱、瓦斯或天然氣,
中山區,租賃房屋,臺北市中山區復興北路１６６號九樓,0.0,,,,1140925,土地0建物2車位0,九層,12,辦公商業大樓,商業用,鋼筋混凝土造,0720630,528.25,0,2,0,有,有,無,193358,366,,0.0,0,租金已扣除扣繳稅款22000元及二代健保費4642元。租賃期間含免租金裝潢期114年10月1日至114年11月15日。含有多個門牌且未個別計算租金臺北市中山區復興北路１６６號九樓臺北市中山區復興北路１６８號九樓；,RPOQMLPLRHKGFCA48CC,,有,1141001~1171115,有,冷氣,
南港區,租賃房屋,臺北市南港區八德路四段８７１號九樓之４,0.0,,,,1140922,土地0建物1車位0,九層,16,住宅大樓(11層含以上有電梯),住家用,鋼筋混凝土造,0841219,43.11,1,1,1,有,有,有,18500,429,,0.0,0,此為國家住宅及都市更新中心社會住宅包租代管計畫之物件。續租案件；,RPPNMLPLRHKGFDA38CC,獨立套房,有,1141031~1161030,有,冷氣、熱水器、洗衣機、冰箱、瓦斯或天然氣,社會住宅包租轉租
松山區,租賃房屋,臺北市松山區復興北路７３號七樓之１,0.0,,,,1140923,土地0建物1車位0,七層,12,辦公商業大樓,商業用,鋼筋混凝土造,0690520,167.72,3,0,0,有,有,無,111503,665,,0.0,0,自簽約日起至民國114年9月30日止為免租金整理準備期。租金總額含稅；,RPQNMLPLRHKGFDA48CC,,有,1141001~1160930,有,,
松山區,租賃房屋,臺北市松山區南京東路五段３３６號４樓之１,0.0,,,,1140923,土地0建物1車位0,四層,12,住宅大樓(11層含以上有電梯),商業用,鋼筋混凝土造,0790119,49.75,1,1,1,有,有,有,22500,452,,0.0,0,此為國家住宅及都市更新中心社會住宅包租代管計畫之物件，評定市價租金為28200元，因選擇包租方案須打8折且簽約租金無條件捨去至百分位，實際租賃契約金額22500元。,RPUNMLPLRHKGFDA88CC,獨立套房,有,1140927~1150926,有,冷氣、熱水器、洗衣機、電視機、冰箱,社會住宅包租轉租
信義區,租賃房屋,臺北市信義區永吉路１８０巷７０弄２１號４樓,0.0,,,,1140923,土地0建物1車位0,四層,4,公寓(5樓含以下無電梯),住家用,鋼筋混凝土造,0640702,96.22,3,2,1,有,無,無,32000,333,,0.0,0,此為臺北市社會住宅包租代管計畫之物件，評定市價租金為35600元，因選擇代管方案須打9折且簽約租金無條件捨去至百分位，實際租賃契約金額32000元。多人共同承租3；續租案件；,RPOOMLPLRHKGFDA38CC,整棟(戶)出租,無,1140925~1150924,無,冷氣、熱水器、瓦斯或天然氣,社會住宅代管
松山區,租賃房屋,臺北市松山區敦化北路１００號,0.0,,,,1140923,土地0建物0車位0,十四層,15,住宅大樓(11層含以上有電梯),商業用,鋼骨鋼筋混凝土造,0721005,30.57,300,10,300,有,無,有,20000,654,,0.0,0,租金總額含電費；租賃建物部分範圍，且未計入共有部分面積；,RPTOMLPLRHKGFDA88CC,分租套房,有,1140923~1150922,有,冷氣、電視機、冰箱,一般轉租
信義區,租賃房屋,臺北市信義區永吉路８３號６樓,0.0,,,,1140924,土地0建物0車位0,六層,14,住宅大樓(11層含以上有電梯),商業用,鋼筋混凝土造,0891026,32.17,4,1,2,有,無,無,13500,420,,0.0,0,更換房客,RPOPMLPLRHKGFDA48CC,分租雅房,無,1141001~1150807,有,冷氣,一般轉租
北投區,租賃房屋,臺北市北投區光明路１８８之４號二樓,0.0,,,,1140923,土地0建物1車位0,二層,4,公寓(5樓含以下無電梯),住家用,鋼筋混凝土造,0650902,65.46,3,2,1,有,無,無,21000,321,,0.0,0,,RPRNMLPLRHKGFEA68CC,整棟(戶)出租,無,1141001~1170930,無,,
北投區,租賃房屋,臺北市北投區吉利街３７２號四樓,0.0,,,,1140923,土地0建物1車位0,四層,4,公寓(5樓含以下無電梯),住家用,鋼筋混凝土造,0660526,126.29,4,2,2,有,無,有,32000,253,,0.0,0,此為國家住宅及都市更新中心社會住宅包租代管計畫之物件。多人共同承租2；,RPVNMLPLRHKGFEA09CC,整棟(戶)出租,無,1140923~1150922,無,冷氣、熱水器、冰箱、瓦斯或天然氣,社會住宅代管
士林區,租賃房屋,臺北市士林區格致路８之１號四樓之１２,0.0,,,,1140922,土地0建物1車位0,四層,5,華廈(10層含以下有電梯),住家用,鋼筋混凝土造,0960216,74.53999999999999,1,0,1,有,有,有,12000,161,,0.0,0,此為國家住宅及都市更新中心社會住宅包租代管計畫之物件。,RPXNMLPLRHKGFEA66CC,獨立套房,有,1140925~1150924,有,冷氣、熱水器、冰箱,社會住宅包租轉租
士林區,租賃房屋,臺北市士林區福林路２０３號六樓,0.0,,,,1140923,土地0建物0車位0,六層,8,華廈(10層含以下有電梯),住家用,鋼筋混凝土造,0870520,39.6,5,1,4,有,有,無,24600,621,,0.0,0,續租案件；,RPUOMLPLRHKGFEA09CC,分租套房,無,1140923~1160922,有,冷氣,一般轉租
北投區,租賃房屋,臺北市北投區泉源路３０之３號,0.0,,,,1140925,土地0建物1車位0,一層,7,華廈(10層含以下有電梯),住家用,鋼筋混凝土造,0670104,51.44,1,1,1,有,無,有,17000,330,,0.0,0,續租案件；,RPWOMLPLRHKGFEA66CC,獨立套房,無,1140930~1150929,有,冷氣、熱水器、洗衣機、冰箱、瓦斯或天然氣,社會住宅代管
北投區,租賃房屋,臺北市北投區泉源路１１號四樓之１,0.0,,,,1140922,土地0建物1車位0,四層,8,華廈(10層含以下有電梯),住家用,鋼筋混凝土造,0680608,31.66,1,1,1,有,有,有,17000,537,,0.0,0,,RPPPMLPLRHKGFEA68CC,獨立套房,有,1140922~1150921,有,冷氣、熱水器、洗衣機、電視機、冰箱,社會住宅代管
大安區,租賃房屋,臺北市大安區敦化南路一段１７７巷２５號４樓,0.0,,,,1140923,土地0建物0車位0,四層,5,公寓(5樓含以下無電梯),,鋼筋混凝土造,0670608,23.6,5,1,2,有,無,有,16500,699,,0.0,0,租金總額含網路費；租賃建物部分範圍，且未計入共有部分面積；,RPXNMLPLRHKGFFA76CC,分租雅房,無,1140929~1150930,無,冷氣、熱水器、洗衣機、冰箱、瓦斯或天然氣、網路,一般轉租
大安區,租賃房屋,臺北市大安區臥龍街２７７號７樓,0.0,,,,1140923,土地0建物1車位0,七層,7,華廈(10層含以下有電梯),住家用,鋼筋混凝土造,0721230,101.6,3,2,2,有,有,有,33000,325,,0.0,0,此為國家住宅及都市更新中心社會住宅包租代管計畫之物件。續租案件；,RPQOMLPLRHKGFFA78CC,整棟(戶)出租,無,1141015~1151014,有,冷氣、熱水器、洗衣機、冰箱、瓦斯或天然氣,社會住宅代管
大安區,租賃房屋,臺北市大安區復興南路二段１２５巷２２號,0.0,,,,1140923,土地0建物1車位0,一層,4,店面(店鋪),,加強磚造,,96.86,0,0,0,無,無,無,85000,878,,0.0,0,租金總額含稅；,RPSOMLPLRHKGFFA98CC,,無,1141015~1171014,無,,
大安區,租賃房屋,臺北市大安區師大路１０２巷１８號,0.0,,,,1140925,土地0建物1車位0,一層,3,店面(店鋪),,加強磚造,,86.79,1,0,1,有,無,無,45000,518,,0.0,0,民國114年11月1日起至民國114年11月30日止為免租金裝潢期含增建或未登記建物；,RPTOMLPLRHKGFFA09CC,,無,1141101~1191031,無,,
文山區,租賃房屋,臺北市文山區辛亥路五段７３巷７弄９號二樓,0.0,,,,1140923,土地0建物1車位0,二層,5,公寓(5樓含以下無電梯),住家用,鋼筋混凝土造,0721223,104.5,3,1,2,有,有,有,25000,239,,0.0,0,此為國家住宅及都市更新中心社會住宅包租代管計畫之物件。多人共同承租2；,RPPNMLQLRHKGFAA18CC,整棟(戶)出租,有,1141001~1150930,無,冷氣、熱水器、洗衣機、冰箱、瓦斯或天然氣,社會住宅包租轉租
文山區,租賃房屋,臺北市文山區辛亥路七段２６巷２３號１、２樓,0.0,,,,1140924,土地0建物1車位0,見其他登記事項,4,公寓(5樓含以下無電梯),住家用,加強磚造,,136.0,4,2,3,有,無,無,35000,257,,0.0,0,1.此為臺北市社會住宅包租代管計畫之物件，評定市價租金為38900元，因選擇代管方案須打9折且簽約租金無條件捨去至百分位，實際租賃契約金額35000元。,RPXNMLQLRHKGFAA98CC,整棟(戶)出租,無,1141001~1150930,無,冷氣、熱水器,社會住宅代管
大同區,租賃房屋,臺北市大同區太原路１１巷２２號３樓,0.0,,,,1140922,土地0建物1車位0,三層,3,公寓(5樓含以下無電梯),住家用,加強磚造,,26.99,2,1,2,有,無,有,31000,1149,,0.0,0,多人共同承租2；,RPSNMLQLRHKGFBA58CC,分租套房,無,1140923~1151009,無,冷氣、熱水器、洗衣機、電視機、冰箱、有線電視、網路,一般轉租
中山區,租賃房屋,臺北市中山區林森北路２５９巷９號五樓之３３,0.0,,,,1140923,土地0建物1車位0,五層,7,華廈(10層含以下有電梯),住家用,鋼筋混凝土造,0730922,64.63,2,1,1,有,有,有,30000,464,,0.0,0,此為國家住宅及都市更新中心社會住宅包租代管計畫之物件。多人共同承租2；續租案件；,RPOOMLQLRHKGFCA38CC,整棟(戶)出租,有,1141023~1150822,有,冷氣、熱水器、洗衣機、電視機、冰箱,社會住宅代管
松山區,租賃房屋,臺北市松山區敦化北路１００號,0.0,,,,1140924,土地0建物0車位0,九層,15,住宅大樓(11層含以上有電梯),商業用,鋼骨鋼筋混凝土造,0721005,30.73,300,10,300,有,無,有,18300,596,,0.0,0,租金總額含電費；租賃建物部分範圍，且未計入共有部分面積；續租案件；,RPUNMLQLRHKGFDA98CC,分租套房,有,1140913~1150912,有,冷氣、電視機、冰箱,一般轉租
松山區,租賃房屋,臺北市松山區敦化北路１００號,0.0,,,,1140924,土地0建物0車位0,十層,15,住宅大樓(11層含以上有電梯),商業用,鋼骨鋼筋混凝土造,0721005,30.42,300,10,300,有,無,有,20500,674,,0.0,0,租金總額含電費；租賃建物部分範圍，且未計入共有部分面積；續租案件；,RPWNMLQLRHKGFDA56CC,分租套房,有,1140924~1150923,有,冷氣、電視機、冰箱,一般轉租
信義區,租賃房屋,臺北市信義區基隆路一段１４７巷５弄３２號４樓之１０,0.0,,,,1140923,土地0建物1車位0,四層,6,華廈(10層含以下有電梯),住家用,鋼筋混凝土造,0800903,36.769999999999996,1,1,1,有,有,有,19800,538,,0.0,0,此為國家住宅及都市更新中心社會住宅包租代管計畫之物件，評定市價租金為24800元，因選擇包租方案須打8折且簽約租金無條件捨去至百分位，實際租賃契約金額19800元。,RPPOMLQLRHKGFDA58CC,獨立套房,有,1141005~1151004,有,冷氣、熱水器、洗衣機、電視機、冰箱、有線電視、網路,社會住宅包租轉租
信義區,租賃房屋,臺北市信義區吳興街１５６巷２２弄１１號３樓,0.0,,,,1140921,土地0建物0車位0,三層,4,公寓(5樓含以下無電梯),住家用,鋼筋混凝土造,0640324,12.2,4,1,2,有,無,有,13800,1131,,0.0,0,租金總額含網路費；其他公區使用、清潔服務、垃圾代收、水電修繕；租賃建物部分範圍，且未計入共有部分面積；,RPROMLQLRHKGFDA78CC,分租雅房,無,1141015~1151014,無,冷氣、熱水器、洗衣機、冰箱、瓦斯或天然氣、網路,一般轉租
南港區,租賃房屋,臺北市南港區研究院路２段１２巷５８弄３號２樓,0.0,,,,1140921,土地0建物1車位0,五層,2,公寓(5樓含以下無電梯),住家用,鋼筋混凝土造,0720909,88.94,3,2,2,有,無,有,36000,405,,0.0,0,租賃建物部分範圍，且未計入共有部分面積；,RPSOMLQLRHKGFDA88CC,整棟(戶)出租,無,1140922~1160921,無,冷氣、熱水器、洗衣機、冰箱、瓦斯或天然氣,一般代管
松山區,租賃房屋,臺北市松山區八德路４段２０８號３樓之１,0.0,,,,1140925,土地0建物1車位0,三層,7,華廈(10層含以下有電梯),住家用,鋼筋混凝土造,0700824,102.16,3,1,2,有,有,有,33000,323,,0.0,0,續租案件；,RPXOMLQLRHKGFDA76CC,整棟(戶)出租,有,1140930~1150929,有,冷氣、熱水器、瓦斯或天然氣,社會住宅代管
松山區,租賃房屋,臺北市松山區民生東路五段２０６號二樓之８,0.0,,,,1140925,土地0建物1車位0,二層,20,住宅大樓(11層含以上有電梯),商業用,鋼筋混凝土造,0780629,35.43,0,1,0,有,有,無,15000,423,,0.0,0,,RPUPMLQLRHKGFDA56CC,,有,1141001~1170930,有,,
松山區,租賃房屋,臺北市松山區敦化北路１００號,0.0,,,,1140923,土地0建物0車位0,八層,15,住宅大樓(11層含以上有電梯),商業用,鋼骨鋼筋混凝土造,0721005,30.73,300,10,300,有,無,有,19500,635,,0.0,0,租金總額含電費；租賃建物部分範圍，且未計入共有部分面積；續租案件；,RPVPMLQLRHKGFDA66CC,分租套房,有,1141026~1151025,有,冷氣、電視機、冰箱,一般轉租
信義區,租賃房屋,臺北市信義區基隆路一段１０７巷６２弄１２號三樓,0.0,,,,1140922,土地0建物1車位0,三層,4,公寓(5樓含以下無電梯),住家用,鋼筋混凝土造,0611020,107.81,3,2,2,有,無,無,44200,410,,0.0,0,門牌整編依謄本申報現場門牌為臺北市信義區基隆路一段１４７巷１９號３樓多人共同承租3；,RPXPMLQLRHKGFDA86CC,整棟(戶)出租,無,1141001~1160930,無,,
士林區,租賃房屋,臺北市士林區通河東街２段１０巷５弄１號４樓,0.0,,,,1140923,土地0建物1車位0,四層,4,公寓(5樓含以下無電梯),住家用,鋼筋混凝土造,0631211,92.9,3,1,1,有,有,有,20000,215,,0.0,0,此為台北市社會住宅包租代管計畫之物件。續租案件；,RPRNMLQLRHKGFEA78CC,整棟(戶)出租,有,1141109~1151108,無,冷氣、熱水器、洗衣機、電視機、冰箱、瓦斯或天然氣,社會住宅代管
北投區,租賃房屋,臺北市北投區雙全街６２巷３號５樓,0.0,,,,1140922,土地0建物1車位0,五層,5,公寓(5樓含以下無電梯),住家用,鋼筋混凝土造,0721110,106.91,3,2,1,有,無,有,15000,140,,0.0,0,1.此為臺北市社會住宅包租代管計畫之物件，評定市價租金為16700元，因選擇代管方案須打9折且簽約租金無條件捨去至百分位，實際租賃契約金額15000元。,RPUNMLQLRHKGFEA09CC,整棟(戶)出租,無,1141001~1150930,無,熱水器,社會住宅代管
大安區,租賃房屋,臺北市大安區敦化南路二段３７巷２９號,49.0,住,,,1140923,土地1建物1車位0,一層,4,店面(店鋪),住家用,鋼筋混凝土造,,92.73,3,2,1,有,無,無,55000,593,,0.0,0,租賃期間有約定不同租金114/10/1~114/10/15為免租搬遷期114/10/16-114/10/31租金27500元114/11/1-116/10/31租金55000元116/11/1-117/10/31租金56000元117/11/1-118/10/31租金57000元118/11/1-119/10/31租金58000元；,RPQNMLQLRHKGFFA78CC,,無,1141001~1190930,無,冷氣、熱水器、冰箱、瓦斯或天然氣,
大安區,租賃房屋,臺北市大安區信義路４段６０之３５號６樓,0.0,,,,1140923,土地0建物1車位0,六層,6,公寓(5樓含以下無電梯),住家用,鋼筋混凝土造,0600301,31.29,1,0,1,有,有,無,13000,415,,0.0,0,此為台北市社會住宅包租代管計畫之物件。續租案件；,RPUNMLQLRHKGFFA56CC,獨立套房,有,1141012~1161011,無,熱水器、電視機、瓦斯或天然氣,社會住宅包租轉租
大安區,租賃房屋,臺北市大安區辛亥路一段８６號九樓之１,0.0,,,,1140924,土地0建物1車位0,九層,11,住宅大樓(11層含以上有電梯),住家用,鋼筋混凝土造,0671027,134.55,4,2,1,有,有,有,35000,260,,0.0,0,此為國家住宅及都市更新中心社會住宅包租代管計畫之物件。續租案件；,RPWNMLQLRHKGFFA76CC,整棟(戶)出租,有,1141006~1151005,有,冷氣、熱水器、電視機、瓦斯或天然氣,社會住宅代管
松山區,租賃房屋,臺北市松山區八德路四段９２號,0.0,,,,1140924,土地0建物0車位0,全,3,透天厝,,加強磚造,,43.0,4,4,4,有,無,有,27800,647,,0.0,0,多人共同承租2；含增建或未登記建物；,RPPNMLRLRHKGFDA58CC,分租套房,無,1140924~1150924,無,冷氣、熱水器、電視機、冰箱、瓦斯或天然氣、有線電視、網路,一般轉租
南港區,租賃房屋,臺北市南港區南港區三重路５號三樓,0.0,,,,1140922,土地0建物0車位0,三層,5,公寓(5樓含以下無電梯),住家用,鋼筋混凝土造,0690125,30.04,4,2,2,有,無,有,12800,426,,0.0,0,,RPPNMLSLRHKGFDA68CC,分租雅房,無,1140922~1150215,無,冷氣、熱水器、洗衣機、冰箱、瓦斯或天然氣、網路,一般轉租
文山區,租賃房屋,臺北市文山區辛亥路四段２２９號四樓,0.0,,,,1140926,土地0建物1車位0,四層,5,公寓(5樓含以下無電梯),住家用,鋼筋混凝土造,0680228,78.79,3,2,1,有,無,無,22000,279,,0.0,0,此為台北市社會住宅包租代管計畫之物件。續租案件；,RPPNMLKMRHKGFAA67CC,整棟(戶)出租,無,1150101~1151231,無,冷氣、熱水器、洗衣機、冰箱,社會住宅代管
中正區,租賃房屋,臺北市中正區和平西路一段８８號１２樓,0.0,,,,1140922,土地0建物0車位0,十二層,12,住宅大樓(11層含以上有電梯),集合住宅,鋼筋混凝土造,0630507,34.66,4,2,2,有,有,有,15500,447,,0.0,0,,RPRNMLKMRHKGFAA87CC,分租雅房,有,1140922~1150930,有,冷氣、熱水器、洗衣機、電視機、冰箱、瓦斯或天然氣、有線電視、網路,一般轉租
文山區,租賃房屋,臺北市文山區辛亥路四段１６６巷２０號四樓,0.0,,,,1140926,土地0建物1車位0,四層,4,公寓(5樓含以下無電梯),住家用,鋼筋混凝土造,0650317,82.0,2,1,1,有,無,無,20000,244,,0.0,0,國家住宅及都市更新中心社會住宅包租代管計畫之物件，評定市價租金為22223元，因選擇「代管」方案須打9折，且簽約租金無條件捨去至百分位，實際租賃契約金額20000元。續租案件；,RPSNMLKMRHKGFAA97CC,整棟(戶)出租,無,1140930~1150824,無,冷氣、熱水器、洗衣機、電視機、冰箱,社會住宅代管
文山區,租賃房屋,臺北市文山區興隆路三段２２９巷６弄４號三樓,0.0,,,,1140925,土地0建物1車位0,三層,5,公寓(5樓含以下無電梯),住家用,鋼筋混凝土造,,65.55,2,2,1,有,無,有,27000,412,,0.0,0,國家住宅及都市更新中心社會住宅包租代管計畫之物件，評定市價租金為30000元，因選擇「代管」方案須打9折，且簽約租金無條件捨去至百分位，實際租賃契約金額27000元。多人共同承租2；,RPTNMLKMRHKGFAA08CC,整棟(戶)出租,無,1141001~1150930,無,冷氣、熱水器、洗衣機、冰箱,社會住宅代管
萬華區,租賃房屋,臺北市萬華區東園街６７巷１５號三樓,0.0,,,,1140925,土地0建物1車位0,三層,5,公寓(5樓含以下無電梯),住家用,鋼筋混凝土造,0731226,155.76,4,2,2,有,無,無,25000,161,,0.0,0,此為國家住宅及都市更新中心社會住宅包租代管計畫之物件。續租案件；,RPWNMLKMRHKGFBA48CC,整棟(戶)出租,無,1141001~1150930,無,熱水器、瓦斯或天然氣,社會住宅代管
萬華區,租賃房屋,臺北市萬華區洛陽街５５號四樓,0.0,,,,1140925,土地0建物1車位0,四層,11,住宅大樓(11層含以上有電梯),商業用,鋼筋混凝土造,0880629,30.16,1,0,1,有,有,有,12500,414,,0.0,0,此為台北市社會住宅包租代管計畫之物件。續租案件；,RPXNMLKMRHKGFBA58CC,獨立套房,有,1141111~1151110,有,冷氣、電視機、冰箱,社會住宅包租轉租
大同區,租賃房屋,臺北市大同區華亭街１號２樓之７、２樓之８,0.0,,,,1140926,土地0建物2車位0,二層,21,住宅大樓(11層含以上有電梯),（Ｇ２）一般事務所,鋼筋混凝土造,1100611,109.03,0,0,0,無,有,無,50000,459,,0.0,0,,RPRPMLKMRHKGFBA18CC,,有,1141012~1151011,有,,
萬華區,租賃房屋,臺北市萬華區康定路１０３號１９樓之１３,0.0,,,,1140923,土地0建物1車位0,十九層,26,住宅大樓(11層含以上有電梯),住家用,鋼骨造,1050331,50.21,1,0,1,有,有,有,26000,518,,0.0,0,管理費：1418元，租金不含管理費，由承租人負擔。此為臺北市社會住宅包租代管計畫之物件，評定市價租金為28900元，因選擇代管方案須打9折且簽約租金無條件捨去至百分位，實際租賃契約金額26000元。,RPXPMLKMRHKGFBA78CC,獨立套房,有,1141005~1150721,有,冷氣、熱水器、洗衣機、電視機,社會住宅代管
萬華區,租賃房屋,臺北市萬華區青年路１６８巷２弄１１號２樓,0.0,,,,1140926,土地0建物1車位0,二層,5,公寓(5樓含以下無電梯),住家用,鋼筋混凝土造,0640523,32.51,1,1,1,有,無,有,17000,523,,0.0,0,,RPRRMLKMRHKGFBA38CC,獨立套房,無,1140930~1150929,無,冷氣、瓦斯或天然氣,社會住宅包租轉租
萬華區,租賃房屋,臺北市萬華區西寧南路２１４號四樓,0.0,,,,1140923,土地0建物0車位0,四層,4,公寓(5樓含以下無電梯),住家用,鋼筋混凝土造,0620528,23.4,3,0,3,有,無,有,14500,620,,0.0,0,續租案件；,RPRSMLKMRHKGFBA48CC,分租套房,無,1141022~1151021,無,冷氣、熱水器、洗衣機、電視機、冰箱,一般轉租
中山區,租賃房屋,臺北市中山區錦西街４之５號九樓之３,0.0,,,,1140924,土地0建物1車位0,九層,11,住宅大樓(11層含以上有電梯),住家用,鋼筋混凝土造,0711210,46.73,1,0,1,有,有,有,18000,385,,0.0,0,此為國家住宅及都市更新中心社會住宅包租代管計畫之物件。續租案件；,RPQNMLKMRHKGFCA97CC,獨立套房,無,1141013~1161012,有,冷氣、熱水器、洗衣機、電視機、冰箱,社會住宅包租轉租
內湖區,租賃房屋,臺北市內湖區文湖街２１巷６８弄３號地下樓,0.0,,,,1140924,土地0建物1車位0,地下一層,7,華廈(10層含以下有電梯),商業用,鋼筋混凝土造,0800429,69.37,2,1,1,有,有,有,18000,259,,0.0,0,此為國家住宅及都市更新中心社會住宅包租代管計畫之物件。續租案件；,RPUNMLKMRHKGFCA38CC,整棟(戶)出租,有,1141002~1161001,有,冷氣、熱水器、洗衣機、冰箱、瓦斯或天然氣,社會住宅包租轉租
內湖區,租賃房屋+車位,臺北市內湖區內湖路二段２８９號九樓,0.0,,,,1140922,土地0建物1車位1,九層,15,住宅大樓(11層含以上有電梯),（第二組）集合住宅（Ｈ２）,鋼筋混凝土造,1130830,105.52000000000001,2,2,1,有,有,有,50000,474,坡道平面,30.17,0,,RPSOMLKMRHKGFCA28CC,整棟(戶)出租,有,1141001~1150930,有,冷氣、熱水器、電視機、冰箱,
中山區,租賃房屋,臺北市中山區中山北路一段３３巷３號４樓,0.0,,,,1140924,土地0建物0車位0,四層,5,公寓(5樓含以下無電梯),住家用,鋼筋混凝土造,0681231,23.76,5,2,2,有,無,有,15000,631,,0.0,0,,RPUOMLKMRHKGFCA48CC,分租雅房,無,1141010~1151009,無,冷氣、熱水器、洗衣機、電視機、冰箱、有線電視、網路,一般轉租
中山區,租賃房屋,臺北市中山區民生東路一段２５號７樓之３,0.0,,,,1140925,土地0建物1車位0,七層,12,住宅大樓(11層含以上有電梯),住家用,鋼筋混凝土造,0690815,59.66,1,0,1,有,有,有,19900,334,,0.0,0,管理費739元，租金不含管理費，由承租人負擔。此為臺北市社會住宅包租代管計畫之物件，評定市價租金為24900元，因選擇包租方案須打8折且簽約租金無條件捨去至百分位，實際租賃契約金額19900元。,RPWOMLKMRHKGFCA68CC,獨立套房,有,1141001~1160914,有,冷氣、熱水器、洗衣機、冰箱,社會住宅包租轉租
中山區,租賃房屋,臺北市中山區新生北路二段６６號二樓之３,0.0,,,,1140926,土地0建物1車位0,二層,12,住宅大樓(11層含以上有電梯),商業用,鋼筋混凝土造,0690721,20.200000000000003,1,0,1,有,有,有,8000,396,,0.0,0,國家住宅及都市更新中心社會住宅包租代管計畫之物件，市價租金為10000元，因選擇「包租」方案須打8折，且簽約租金無條件捨去至百分位，實際租賃契約金額8000元。,RPXOMLKMRHKGFCA78CC,獨立套房,有,1141001~1150914,有,冷氣、熱水器、洗衣機、電視機、冰箱,社會住宅包租轉租
信義區,租賃房屋,臺北市信義區虎林街２３２巷２６號,0.0,,,,1140922,土地0建物0車位0,一層,4,公寓(5樓含以下無電梯),住家用,鋼筋混凝土造,0590625,21.03,5,1,4,有,無,有,28000,1331,,0.0,0,,RPPNMLKMRHKGFDA97CC,分租套房,無,1140922~1150921,無,冷氣、熱水器、洗衣機、電視機、冰箱,一般代管
松山區,租賃房屋,臺北市松山區敦化北路１００號,0.0,,,,1140925,土地0建物0車位0,七層,15,住宅大樓(11層含以上有電梯),商業用,鋼骨鋼筋混凝土造,0721005,30.73,300,10,300,有,無,有,19500,635,,0.0,0,租金總額含電費；租賃建物部分範圍，且未計入共有部分面積；續租案件；,RPXNMLKMRHKGFDA78CC,分租套房,有,1141026~1151025,有,冷氣、電視機、冰箱,一般轉租
松山區,租賃房屋,臺北市松山區八德路四段４５５號６樓,0.0,,,,1140925,土地0建物1車位0,六層,14,住宅大樓(11層含以上有電梯),見使用執照,鋼骨鋼筋混凝土造,0910619,49.91,1,1,1,有,有,無,22000,441,,0.0,0,,RPTOMLKMRHKGFDA48CC,整棟(戶)出租,有,1141001~1150930,有,,
松山區,租賃房屋,臺北市松山區南京東路五段１８８號九樓之１２,0.0,,,,1140922,土地0建物1車位0,九層,16,辦公商業大樓,商業用,鋼骨混凝土造,0830310,321.39,0,0,0,無,有,無,213884,665,,0.0,0,僅租賃部份面積已計入共有部份面積租金總額含稅；,RPUOMLKMRHKGFDA58CC,,有,1141111~1171110,有,,
北投區,租賃房屋,臺北市北投區中央北路一段１７５號４樓,0.0,,,,1140924,土地0建物1車位0,四層,10,華廈(10層含以下有電梯),商業用,鋼筋混凝土造,0860120,154.8,2,1,2,有,有,有,31200,202,,0.0,0,此為國家住宅及都市更新中心社會住宅包租代管計畫之物件。未租賃車位，建物登記含有車位面積；,RPUNMLKMRHKGFEA58CC,整棟(戶)出租,有,1141016~1151015,有,冷氣、熱水器、瓦斯或天然氣,社會住宅包租轉租
士林區,租賃房屋,臺北市士林區重慶北路四段７０號,0.0,,,,1140923,土地0建物1車位0,全,4,透天厝,住家用,鋼筋混凝土造,0610619,421.68,4,4,3,有,無,無,126000,299,,0.0,0,租金總額含稅；,RPXNMLKMRHKGFEA88CC,,無,1141015~1241014,無,,
北投區,租賃房屋,臺北市北投區奇岩路６之５號五樓,0.0,,,,1140925,土地0建物1車位0,五層,6,華廈(10層含以下有電梯),住家用,鋼筋混凝土造,0701124,70.36,2,1,1,有,無,有,16000,227,,0.0,0,此為台北市社會住宅包租代管計畫之物件。續租案件；,RPOOMLKMRHKGFEA08CC,整棟(戶)出租,無,1141230~1151229,有,冷氣、熱水器、洗衣機、冰箱、瓦斯或天然氣,社會住宅包租轉租
北投區,租賃房屋,臺北市北投區實踐街３７號三樓,0.0,,,,1140925,土地0建物1車位0,三層,4,公寓(5樓含以下無電梯),住家用,鋼筋混凝土造,0590217,97.0,3,2,1,有,無,有,24000,247,,0.0,0,臺北市社會住宅包租代管計畫之物件，評定市價租金為26700元，因選擇代管方案須打9折，且簽約租金無條件捨去至百分位，實際租賃契約金額24000元。,RPQOMLKMRHKGFEA28CC,整棟(戶)出租,無,1141001~1150930,無,冷氣、熱水器,社會住宅代管
北投區,租賃房屋,臺北市北投區中和街４９３巷６號五樓,0.0,,,,1140924,土地0建物0車位0,五層,5,公寓(5樓含以下無電梯),住家用,鋼筋混凝土造,0711227,21.98,4,0,4,有,無,有,7000,318,,0.0,0,,RPOPMLKMRHKGFEA18CC,分租套房,無,1140924~1150923,無,冷氣、熱水器、電視機、冰箱,一般轉租
北投區,租賃房屋+車位,臺北市北投區中央北路三段５５之２號,0.0,,,,1140922,土地0建物1車位1,一層,14,店面(店鋪),一般零售業〈甲組〉,鋼筋混凝土造,0940728,142.82999999999998,1,1,1,有,有,無,51200,358,坡道平面,38.73,0,租金總額含稅；,RPPPMLKMRHKGFEA28CC,,有,1141101~1191031,有,瓦斯或天然氣,
北投區,租賃房屋,臺北市北投區中和街４９３巷６號五樓,0.0,,,,1140924,土地0建物0車位0,五層,5,公寓(5樓含以下無電梯),住家用,鋼筋混凝土造,0711227,21.98,4,0,4,有,無,有,7000,318,,0.0,0,,RPRPMLKMRHKGFEA48CC,分租套房,無,1140924~1150923,無,冷氣、熱水器、電視機、冰箱,一般轉租
文山區,租賃房屋,臺北市文山區和興路４４巷５６號,0.0,,,,1140921,土地0建物1車位0,一層,5,公寓(5樓含以下無電梯),住家用,鋼筋混凝土造,0781127,174.05,3,2,2,有,無,有,45000,259,,0.0,0,含增建或未登記建物；,RPXNMLLJIIKGFAA47CC,整棟(戶)出租,無,1141101~1161031,無,冷氣、熱水器、電視機、冰箱、瓦斯或天然氣,
中正區,租賃房屋,臺北市中正區汀州路一段３５０號３樓,0.0,,,,1140922,土地0建物1車位0,三層,23,住宅大樓(11層含以上有電梯),集合住宅,鋼筋混凝土造,1081202,147.2,3,2,2,有,有,有,76025,516,,0.0,0,1.此租金已扣除稅8650，健保1825,RPSOMLLJIIKGFAA07CC,整棟(戶)出租,有,1140926~1160925,有,冷氣、熱水器、洗衣機、電視機、冰箱,
中正區,租賃房屋,臺北市中正區西藏路６２巷７號三樓,0.0,,,,1140922,土地0建物0車位0,三層,4,公寓(5樓含以下無電梯),住家用,鋼筋混凝土造,0620406,17.26,4,1,1,有,無,無,6000,348,,0.0,0,續租案件；,RPTOMLLJIIKGFAA17CC,分租雅房,無,1141025~1151024,無,,一般轉租
中正區,租賃房屋,臺北市中正區西藏路６２巷７號三樓,0.0,,,,1140922,土地0建物0車位0,三層,4,公寓(5樓含以下無電梯),住家用,鋼筋混凝土造,0620406,17.26,4,1,1,有,無,無,5000,290,,0.0,0,續租案件；,RPUOMLLJIIKGFAA27CC,分租雅房,無,1141025~1151024,無,,一般轉租
萬華區,租賃房屋,臺北市萬華區和平西路三段３０９巷１５弄２９號２樓,0.0,,,,1140924,土地0建物1車位0,二層,4,公寓(5樓含以下無電梯),住家用,加強磚造,0600908,79.81,3,1,1,有,無,無,24000,301,,0.0,0,,RPUNMLLJIIKGFBA27CC,整棟(戶)出租,無,1140925~1150924,無,冷氣,一般轉租
萬華區,租賃房屋,臺北市萬華區長泰街３０８巷１７號４樓,0.0,,,,1140926,土地0建物1車位0,四層,4,公寓(5樓含以下無電梯),住家用,加強磚造,0580811,78.84,3,2,1,有,無,有,18000,228,,0.0,0,1.此為臺北市社會住宅包租代管計畫之物件，評定市價租金為22500元，因選擇包租方案須打8折且簽約租金無條件捨去至百分位，實際租賃契約金額18000元。多人共同承租2；,RPXNMLLJIIKGFBA57CC,整棟(戶)出租,無,1141001~1150930,無,冷氣、熱水器、洗衣機、電視機、冰箱、瓦斯或天然氣,社會住宅包租轉租
萬華區,租賃房屋,臺北市萬華區東園街１４５之１號４樓,0.0,,,,1140926,土地0建物1車位0,四層,4,公寓(5樓含以下無電梯),住家用,鋼筋混凝土造,0651007,106.71,3,2,1,有,無,有,24000,225,,0.0,0,此為國家住宅及都市更新中心社會住宅包租代管計畫之物件。續租案件；,RPQOMLLJIIKGFBA96CC,整棟(戶)出租,無,1141013~1161012,無,冷氣、熱水器、瓦斯或天然氣,社會住宅包租轉租
大同區,租賃房屋,臺北市大同區延平北路一段５１號８樓之６,0.0,,,,1140926,土地0建物1車位0,八層,11,住宅大樓(11層含以上有電梯),商業用,鋼筋混凝土造,0700223,22.39,1,0,1,有,有,有,12000,536,,0.0,0,此為國家住宅及都市更新中心社會住宅包租代管計畫之物件。續租案件；,RPROMLLJIIKGFBA07CC,獨立套房,有,1141030~1161029,有,冷氣、熱水器、電視機、冰箱,社會住宅包租轉租
內湖區,租賃房屋,臺北市內湖區成功路四段３２３巷３弄４號３樓,0.0,,,,1140923,土地0建物0車位0,三層,4,公寓(5樓含以下無電梯),住家用,鋼筋混凝土造,0700311,9.0,4,1,2,有,無,有,10200,1133,,0.0,0,租金總額含網路費；其他公區使用、清潔服務、垃圾代收、水電修繕；租賃建物部分範圍，且未計入共有部分面積；,RPRNMLLJIIKGFCA07CC,分租雅房,無,1140925~1150930,無,冷氣、熱水器、洗衣機、冰箱、瓦斯或天然氣、網路,一般轉租
中山區,租賃房屋,臺北市中山區新生北路三段８４巷２９號６樓,0.0,,,,1140925,土地0建物0車位0,六層,6,華廈(10層含以下有電梯),住家用,鋼筋混凝土造,0720325,29.47,5,0,5,有,無,有,17000,577,,0.0,0,租金總額含網路費；續租案件；,RPVNMLLJIIKGFCA47CC,分租套房,無,1140925~1150924,有,冷氣、洗衣機、電視機、冰箱、有線電視、網路,一般轉租
中山區,租賃房屋,臺北市中山區龍江路２８６巷４號４樓,0.0,,,,1140926,土地0建物1車位0,四層,4,公寓(5樓含以下無電梯),住家用,加強磚造,0580314,103.87,3,1,2,有,無,有,30000,289,,0.0,0,此為國家住宅及都市更新中心社會住宅包租代管計畫之物件。續租案件；,RPWOMLLJIIKGFCA67CC,整棟(戶)出租,無,1141015~1151014,無,冷氣、熱水器、瓦斯或天然氣,社會住宅代管
中山區,租賃房屋,臺北市中山區南京東路二段１４４號,0.0,,,,1140925,土地0建物0車位0,全,4,透天厝,,鋼筋混凝土造,0560720,45.82,15,7,8,有,無,有,20000,436,,0.0,0,本次租賃格局為2/1/1,RPXOMLLJIIKGFCA77CC,分租套房,無,1140925~1150924,無,冷氣、熱水器、洗衣機、電視機、冰箱,一般轉租
南港區,租賃房屋,臺北市南港區南港區同德路５３號二樓,0.0,,,,1140922,土地0建物0車位0,二層,,公寓(5樓含以下無電梯),,,,24.2,4,1,2,有,無,有,16800,694,,0.0,0,多人共同承租2；,RPSOMLLJIIKGFDA37CC,分租雅房,無,1140922~1150115,無,冷氣、熱水器、洗衣機、冰箱、瓦斯或天然氣、網路,一般轉租
南港區,租賃房屋,臺北市南港區南港區三重路５號三樓,0.0,,,,1140926,土地0建物0車位0,三層,5,公寓(5樓含以下無電梯),住家用,鋼筋混凝土造,0690125,30.04,4,2,2,有,無,有,15800,526,,0.0,0,,RPTOMLLJIIKGFDA47CC,分租雅房,無,1140926~1150925,無,冷氣、熱水器、洗衣機、冰箱、瓦斯或天然氣、網路,一般轉租
信義區,租賃房屋+車位,臺北市信義區信義路五段１５０巷３５５號三樓,0.0,,,,1140923,土地0建物1車位1,三層,13,住宅大樓(11層含以上有電梯),集合住宅,鋼筋混凝土造,0940614,147.97,3,2,2,有,有,無,55000,372,坡道平面,0.0,0,車位面積無法分算。,RPWOMLLJIIKGFDA77CC,整棟(戶)出租,有,1140923~1160922,有,冷氣、瓦斯或天然氣,
松山區,租賃房屋,臺北市松山區敦化北路１００號,0.0,,,,1140925,土地0建物0車位0,九層,15,住宅大樓(11層含以上有電梯),商業用,鋼骨鋼筋混凝土造,0721005,30.42,300,10,300,有,無,有,20000,657,,0.0,0,租金總額含電費；租賃建物部分範圍，且未計入共有部分面積；續租案件；,RPXOMLLJIIKGFDA87CC,分租套房,有,1141026~1151025,有,冷氣、電視機、冰箱,一般轉租
松山區,租賃房屋,臺北市松山區敦化北路４巷３１號六樓,0.0,,,,1140926,土地0建物1車位0,六層,7,華廈(10層含以下有電梯),住家用,鋼筋混凝土造,0590728,65.96,2,1,1,有,有,有,25000,379,,0.0,0,此為國家住宅及都市更新中心社會住宅包租代管計畫之物件。,RPOPMLLJIIKGFDA07CC,整棟(戶)出租,有,1141001~1150930,有,冷氣、熱水器、瓦斯或天然氣,社會住宅代管
信義區,租賃房屋,臺北市信義區松仁路２７７號８樓,0.0,,,,1140922,土地0建物1車位0,八層,23,辦公商業大樓,見使用執照,見使用執照,0860715,382.21,0,0,0,無,有,無,184992,484,,0.0,0,1.分租約115.62坪2.免租金裝修期：1141001至1141231止其他稅；租賃期間有約定不同租金租金調整：1141001至1170930，租金184992含稅1171001至1180930，租金188692含稅1181001至1190930，租金192466含稅；,RPPPMLLJIIKGFDA17CC,,有,1141001~1190930,有,,
松山區,租賃房屋,臺北市松山區敦化北路１００號,0.0,,,,1140926,土地0建物0車位0,八層,15,住宅大樓(11層含以上有電梯),商業用,鋼骨鋼筋混凝土造,0721005,30.73,300,10,300,有,無,有,19500,635,,0.0,0,租金總額含電費；租賃建物部分範圍，且未計入共有部分面積；續租案件；,RPQPMLLJIIKGFDA27CC,分租套房,有,1140930~1150929,有,冷氣、電視機、冰箱,一般轉租
松山區,租賃房屋,臺北市松山區敦化北路１００號,0.0,,,,1140926,土地0建物0車位0,十一層,15,住宅大樓(11層含以上有電梯),商業用,鋼骨鋼筋混凝土造,0721005,30.42,300,10,300,有,無,有,19500,641,,0.0,0,租金總額含電費；租賃建物部分範圍，且未計入共有部分面積；續租案件；,RPRPMLLJIIKGFDA37CC,分租套房,有,1141019~1151018,有,冷氣、電視機、冰箱,一般轉租
信義區,租賃房屋+車位,臺北市信義區松智路３１巷７號２樓,0.0,,,,1140922,土地0建物1車位1,二層,5,華廈(10層含以下有電梯),住家用,鋼筋混凝土造,0870506,177.41,3,2,2,有,有,無,45000,254,坡道平面,0.0,0,,RPSPMLLJIIKGFDA47CC,整棟(戶)出租,有,1140925~1160924,有,冷氣、熱水器、瓦斯或天然氣,
松山區,租賃房屋,臺北市松山區八德路四段１７９號,0.0,,,,1140924,土地0建物0車位0,全,4,透天厝,,加強磚造,0550621,23.46,8,0,8,有,無,有,14200,605,,0.0,0,,RPUPMLLJIIKGFDA67CC,分租套房,無,1140816~1150527,無,冷氣、熱水器、洗衣機、電視機、冰箱,一般轉租
松山區,租賃房屋,臺北市松山區饒河街４９號３樓,0.0,,,,1140926,土地0建物1車位0,三層,4,公寓(5樓含以下無電梯),住家用,鋼筋混凝土造,0610621,79.5,2,2,1,有,無,無,26000,327,,0.0,0,租賃期間有約定不同租金未稅。119.11.15-124.11.14：32000元/月；,RPVPMLLJIIKGFDA77CC,,無,1141115~1241114,無,,
士林區,租賃房屋,臺北市士林區格致路８之１號２樓之１０,0.0,,,,1140924,土地0建物1車位0,二層,5,華廈(10層含以下有電梯),住家用,鋼筋混凝土造,0960216,26.96,1,0,1,有,有,有,10000,371,,0.0,0,此為國家住宅及都市更新中心社會住宅包租代管計畫之物件。,RPQNMLLJIIKGFEA17CC,獨立套房,有,1141005~1151004,有,冷氣、熱水器、冰箱,社會住宅包租轉租
士林區,租賃房屋,臺北市士林區格致路８之１號二樓之１３,0.0,,,,1140925,土地0建物1車位0,二層,5,華廈(10層含以下有電梯),住家用,鋼筋混凝土造,0960216,55.43,1,0,1,有,有,有,13500,244,,0.0,0,此為國家住宅及都市更新中心社會住宅包租代管計畫之物件。續租案件；,RPXNMLLJIIKGFEA87CC,獨立套房,有,1141020~1161019,有,冷氣、熱水器、冰箱,社會住宅包租轉租
士林區,租賃房屋,臺北市士林區承德路四段３３２號二樓,0.0,,,,1140924,土地0建物0車位0,二層,5,公寓(5樓含以下無電梯),住家用,鋼筋混凝土造,0700820,19.650000000000002,5,0,5,有,無,有,10000,509,,0.0,0,續租案件；,RPPOMLLJIIKGFEA17CC,分租套房,無,1141102~1150304,無,冷氣、熱水器、洗衣機、電視機、冰箱,一般轉租
北投區,租賃房屋,臺北市北投區開明街１８號２樓,0.0,,,,1140924,土地0建物1車位0,二層,4,公寓(5樓含以下無電梯),住家用,鋼筋混凝土造,0640529,78.75,3,1,1,有,無,無,25000,317,,0.0,0,此為臺北市社會住宅包租代管計畫之物件，評定市價租金為27800元，因選擇代管方案須打9折且簽約租金無條件捨去至百分位，實際租賃契約金額25000元。,RPQOMLLJIIKGFEA27CC,整棟(戶)出租,無,1141011~1151010,無,冷氣、熱水器、瓦斯或天然氣,社會住宅代管
士林區,租賃房屋+車位,臺北市士林區天玉街１２１號,0.0,,,,1140921,土地0建物1車位3,一層,5,華廈(10層含以下有電梯),住家用,鋼筋混凝土造,0961009,341.07,4,2,3,有,有,有,183697,539,坡道平面,123.06,0,租金已扣除管理費11303元所有權人持有4個車位，僅承租3個車位，故已扣除不承租的車位面積。租金總額含水費；瓦斯費；網路費；其他第四台。；含增建或未登記建物；,RPROMLLJIIKGFEA37CC,整棟(戶)出租,有,1150116~1160131,有,冷氣、熱水器、洗衣機、電視機、冰箱、瓦斯或天然氣、有線電視、網路,
士林區,租賃房屋,臺北市士林區格致路８之１號２樓之１６,0.0,,,,1140925,土地0建物1車位0,二層,5,華廈(10層含以下有電梯),住家用,鋼筋混凝土造,0960216,45.97,1,0,1,有,有,有,11000,239,,0.0,0,此為國家住宅及都市更新中心社會住宅包租代管計畫之物件。續租案件；,RPTOMLLJIIKGFEA57CC,獨立套房,有,1141020~1161019,有,冷氣、熱水器、冰箱,社會住宅包租轉租
大安區,租賃房屋,臺北市大安區仁愛路四段６８號１２樓之３,4.52,其他,,,1140926,土地2建物1車位0,十二層,14,住宅大樓(11層含以上有電梯),住家用,鋼筋混凝土造,0661212,45.16,1,1,1,有,有,無,29000,642,,0.0,0,,RPPNMLLJIIKGFFA17CC,,有,1141001~1151001,有,熱水器、洗衣機,
大安區,租賃房屋,臺北市大安區和平東路三段１０６號３樓之８,0.0,,,,1140923,土地0建物1車位0,三層,12,住宅大樓(11層含以上有電梯),一般事務所,鋼筋混凝土造,0930409,39.25,1,1,1,有,有,無,29000,739,,0.0,0,租金總額含管理費；,RPPOMLLJIIKGFFA27CC,整棟(戶)出租,有,1140924~1150923,有,,
萬華區,租賃房屋,臺北市萬華區環河南路二段１３０巷２弄１１號,0.0,,,,1140926,土地0建物1車位0,全,2,透天厝,,加強磚造,,74.66,3,1,1,有,無,無,22000,295,,0.0,0,此為國家住宅及都市更新中心社會住宅包租代管計畫之物件。續租案件；,RPQNMLMJIIKGFBA96CC,整棟(戶)出租,無,1141015~1151014,無,冷氣、熱水器、瓦斯或天然氣,社會住宅代管
萬華區,租賃房屋,臺北市萬華區西藏路１７６號三樓,0.0,,,,1140925,土地0建物0車位0,三層,5,公寓(5樓含以下無電梯),住家用,鋼筋混凝土造,0741105,23.2,5,0,5,有,無,有,14600,629,,0.0,0,續租案件；,RPOOMLMJIIKGFBA86CC,分租套房,無,1141101~1151031,無,冷氣、熱水器、洗衣機、電視機、冰箱,一般轉租
萬華區,租賃房屋,臺北市萬華區峨眉街１３９、１４１、１４３號；環河南路一段７５號,0.0,,,,1140925,土地0建物0車位0,全,5,透天厝,,鋼筋混凝土造,0551018,35.07,20,0,20,有,無,有,15200,433,,0.0,0,,RPQOMLMJIIKGFBA07CC,分租套房,無,1140925~1150924,無,冷氣、熱水器、洗衣機、電視機、冰箱,一般轉租
大同區,租賃房屋,臺北市大同區迪化街二段２７７號二樓,0.0,,,,1140926,土地0建物0車位0,二層,4,公寓(5樓含以下無電梯),住家用,鋼筋混凝土造,0611205,21.92,4,0,4,有,無,有,16500,753,,0.0,0,,RPWOMLMJIIKGFBA67CC,分租套房,無,1140928~1150927,無,冷氣、熱水器、洗衣機、冰箱,一般轉租
萬華區,租賃房屋,臺北市萬華區峨眉街１３９、１４１、１４３號；環河南路一段７５號,0.0,,,,1140925,土地0建物0車位0,全,5,透天厝,,鋼筋混凝土造,0551018,35.07,20,0,20,有,無,有,15200,433,,0.0,0,,RPPPMLMJIIKGFBA07CC,分租套房,無,1140925~1150924,無,冷氣、熱水器、洗衣機、電視機、冰箱,一般轉租
內湖區,租賃房屋,臺北市內湖區內湖路二段２６３巷１５弄３號,0.0,,,,1140922,土地0建物0車位0,一層,4,公寓(5樓含以下無電梯),住家用,鋼筋混凝土造,0661206,16.99,6,0,6,有,無,有,15000,883,,0.0,0,隔六間套房每間約16.99平方公尺,RPUNMLMJIIKGFCA47CC,分租套房,無,1141001~1150930,無,冷氣、熱水器、洗衣機、電視機、冰箱、瓦斯或天然氣,
中山區,租賃房屋,臺北市中山區松江路４０２巷７弄２號４樓,0.0,,,,1140924,土地0建物1車位0,四層,5,公寓(5樓含以下無電梯),住家用,鋼筋混凝土造,0750127,79.86,3,2,1,有,無,有,29000,363,,0.0,0,此為臺北市社會住宅包租代管計畫之物件，評定市價租金為32300元，因選擇代管方案須打9折且簽約租金無條件捨去至百分位，實際租賃契約金額29000元。,RPSOMLMJIIKGFCA37CC,整棟(戶)出租,無,1141001~1150930,無,冷氣、熱水器、瓦斯或天然氣,社會住宅代管
南港區,租賃房屋,臺北市南港區研究院路二段７０巷３７弄５號四樓,0.0,,,,1140923,土地0建物1車位0,四層,5,公寓(5樓含以下無電梯),住家用,鋼筋混凝土造,0691212,85.95,3,1,1,有,無,無,23000,268,,0.0,0,此為國家住宅及都市更新中心社會住宅包租代管計畫之物件。,RPPNMLMJIIKGFDA07CC,整棟(戶)出租,無,1141001~1150930,無,冷氣、熱水器、瓦斯或天然氣,社會住宅包租轉租
信義區,租賃房屋,臺北市信義區松仁路１０１號２樓,0.0,,,,1140923,土地0建物1車位0,二層,18,店面(店鋪),見使用執照,鋼骨混凝土造,0871208,863.06,0,0,0,無,有,無,959432,1112,,0.0,0,,RPQNMLMJIIKGFDA17CC,,有,1150215~1230214,有,,
松山區,租賃房屋,臺北市松山區民生東路三段１２８號十二樓,0.0,,,,1140926,土地0建物1車位0,十二層,14,辦公商業大樓,商業用,鋼筋混凝土造,0751129,231.4,1,0,0,有,有,無,132300,572,,0.0,0,承租部份面積含公設約70坪。租金總額含稅；,RPRNMLMJIIKGFDA27CC,,有,1141001~1160930,有,,
松山區,租賃房屋,臺北市松山區八德路三段１５５巷４弄１５號２樓,37.25,住,,,1140924,土地1建物1車位0,二層,4,公寓(5樓含以下無電梯),住家用,鋼筋混凝土造,0610622,103.27,3,2,1,有,無,無,37000,358,,0.0,0,,RPTNMLMJIIKGFDA47CC,整棟(戶)出租,無,1141101~1191030,無,冷氣、熱水器、瓦斯或天然氣,
信義區,租賃房屋+車位,臺北市信義區松智路３０號２樓,0.0,,,,1140926,土地0建物1車位1,二層,7,華廈(10層含以下有電梯),住家用,鋼筋混凝土造,1030929,254.89,3,2,2,有,有,有,168000,659,升降平面,47.93,0,,RPVNMLMJIIKGFDA67CC,整棟(戶)出租,有,1141001~1150930,有,冷氣、熱水器、洗衣機、電視機、冰箱、瓦斯或天然氣、有線電視,
信義區,租賃房屋,臺北市信義區信義路五段１２７號１５樓之６,0.0,,,,1140924,土地0建物1車位0,十五層,19,住宅大樓(11層含以上有電梯),住家用,鋼骨造,0951229,86.97,2,1,1,有,有,無,52000,598,,0.0,0,租金總額含管理費；,RPROMLMJIIKGFDA37CC,整棟(戶)出租,有,1141004~1151003,有,,
信義區,租賃房屋+車位,臺北市信義區松仁路１５１巷７號５樓,0.0,,,,1140925,土地0建物1車位1,五層,8,華廈(10層含以下有電梯),住家用,鋼筋混凝土造,0810602,138.18,3,2,2,有,有,有,87890,636,坡道平面,34.98,0,1.此租金已扣除稅10000，健保2110,RPSOMLMJIIKGFDA47CC,整棟(戶)出租,有,1141003~1161002,有,冷氣、熱水器、洗衣機、冰箱,
信義區,租賃房屋,臺北市信義區光復南路５６７號１５樓之６,0.0,,,,1140925,土地0建物1車位0,十五層,18,住宅大樓(11層含以上有電梯),住家用,鋼骨造,0970822,86.14,2,1,1,有,有,無,52734,612,,0.0,0,1.此租金已扣除稅6000，健保1266租金總額含管理費；其他能源費；,RPTOMLMJIIKGFDA57CC,整棟(戶)出租,有,1140927~1150326,有,,
北投區,租賃房屋,臺北市北投區光明路６８號十四樓之１,0.0,,,,1140926,土地0建物1車位0,十四層,23,住宅大樓(11層含以上有電梯),住家用,鋼骨鋼筋混凝土造,0961116,79.65,2,2,1,有,有,有,27600,347,,0.0,0,租金已扣除管理費2400元，不承租車位已扣除車位面積。,RPTNMLMJIIKGFEA57CC,整棟(戶)出租,有,1141001~1160930,有,冷氣、熱水器,
士林區,租賃房屋,臺北市士林區重慶北路四段２２０巷１０號四樓,0.0,,,,1140922,土地0建物0車位0,四層,4,公寓(5樓含以下無電梯),住家用,鋼筋混凝土造,0610123,26.45,5,0,5,有,無,有,13500,510,,0.0,0,,RPXNMLMJIIKGFEA97CC,分租套房,無,1141006~1151005,無,冷氣、洗衣機、冰箱、瓦斯或天然氣,一般轉租
大安區,租賃房屋,臺北市大安區復興南路二段３２９號十三樓之１,0.0,,,,1140926,土地0建物1車位0,十三層,18,住宅大樓(11層含以上有電梯),住家用,鋼筋混凝土造,0760519,53.57,1,0,1,有,有,有,28000,523,,0.0,0,此為國家住宅及都市更新中心社會住宅包租代管計畫之物件。續租案件；,RPRNMLMJIIKGFFA47CC,獨立套房,有,1141015~1161014,有,冷氣、熱水器、洗衣機、電視機、冰箱、瓦斯或天然氣,社會住宅包租轉租
大安區,租賃房屋,臺北市大安區復興南路二段９號十樓,0.0,,,,1140925,土地0建物0車位0,十層,12,住宅大樓(11層含以上有電梯),住家用,鋼筋混凝土造,0760126,38.02,3,0,3,有,有,有,24500,644,,0.0,0,,RPQOMLMJIIKGFFA47CC,分租套房,有,1140926~1141225,有,冷氣、洗衣機、冰箱、瓦斯或天然氣,一般轉租
大同區,租賃房屋,臺北市大同區市民大道一段２０７號１８樓之１４,0.0,,,,1140922,土地0建物1車位0,十八層,18,住宅大樓(11層含以上有電梯),住家用,鋼骨造,0980724,47.2,1,1,1,有,有,有,25000,530,,0.0,0,,RPPNMLNJIIKGFBA96CC,整棟(戶)出租,有,1141001~1150930,有,冷氣、冰箱,
萬華區,租賃房屋,臺北市萬華區環河南路一段７１號２樓之１４,0.0,,,,1140926,土地0建物1車位0,二層,12,住宅大樓(11層含以上有電梯),住家用,鋼筋混凝土造,0660829,26.79,1,1,1,有,有,有,13000,485,,0.0,0,此為國家住宅及都市更新中心社會住宅包租代管計畫之物件，評定市價租金為16300元，因選擇包租方案須打8折且簽約租金無條件捨去至百分位，實際租賃契約金額13000元。,RPQNMLNJIIKGFBA07CC,獨立套房,有,1141001~1150930,有,冷氣、熱水器、洗衣機、電視機、冰箱,社會住宅包租轉租
中正區,租賃房屋,臺北市中正區博愛路２５號１０樓之１５,0.0,,,,1140925,土地0建物1車位0,十層,10,華廈(10層含以下有電梯),商業用,鋼筋混凝土造,0661230,31.68,1,1,1,有,有,有,17000,537,,0.0,0,此為國家住宅及都市更新中心社會住宅包租代管計畫之物件，評定市價租金為21300元，因選擇包租方案須打8折且簽約租金無條件捨去至百分位，實際租賃契約金額17000元。,RPSNMLNJIIKGFBA27CC,獨立套房,有,1141001~1150919,有,冷氣、熱水器、洗衣機、電視機、冰箱,社會住宅包租轉租
中正區,租賃房屋,臺北市中正區延平南路６９之１號１４樓,0.0,,,,1140926,土地0建物1車位0,十四層,15,住宅大樓(11層含以上有電梯),自由職業事務所,鋼筋混凝土造,1070119,64.91,1,1,1,有,有,無,40429,623,,0.0,0,1.此租金已扣除稅4600，健保971租金總額含管理費；網路費；,RPROMLNJIIKGFBA27CC,整棟(戶)出租,有,1141101~1141231,有,,
中山區,租賃房屋,臺北市中山區德惠街１０８號２樓,0.0,,,,1140926,土地0建物0車位0,二層,4,公寓(5樓含以下無電梯),住家用,鋼筋混凝土造,0610703,13.02,4,1,1,有,無,有,13000,998,,0.0,0,租金總額含管理費；網路費；租賃建物部分範圍，且未計入共有部分面積；,RPRNMLNJIIKGFCA27CC,分租雅房,無,1141001~1150930,無,冷氣、熱水器、洗衣機、冰箱、瓦斯或天然氣、網路,一般轉租
中山區,租賃房屋,臺北市中山區林森北路１０７巷８１號５樓之５,0.0,,,,1140925,土地0建物1車位0,五層,7,華廈(10層含以下有電梯),商業用,鋼筋混凝土造,0751009,40.29,1,1,1,有,有,有,16000,397,,0.0,0,此為國家住宅及都市更新中心社會住宅包租代管計畫之物件，評定市價租金為20000元，因選擇包租方案須打8折且簽約租金無條件捨去至百分位，實際租賃契約金額16000元。,RPVNMLNJIIKGFCA67CC,獨立套房,有,1141001~1150930,有,冷氣、熱水器、冰箱,社會住宅包租轉租
內湖區,租賃房屋+車位,臺北市內湖區瑞光路３０２號２樓之３,0.0,,,,1140922,土地0建物1車位2,二層,11,廠辦,工業用,鋼筋混凝土造,0911028,536.26,0,0,0,無,有,無,150000,280,坡道平面,62.88,0,租金總額含稅；,RPWNMLNJIIKGFCA77CC,,有,1141001~1171130,有,,
南港區,車位,臺北市南港區經貿二路１５７巷３６弄６０號等共有部分,0.0,,,,1140921,土地0建物0車位1,,,其他,,,,18.7,0,0,0,無,無,無,2000,,其他,18.7,2000,租金已扣除管理費1000元,RPPOMLNJIIKGFDA27CC,,,1140922~1141221,,,
松山區,租賃房屋,臺北市松山區八德路三段１５５巷２１號３樓,0.0,,,,1140926,土地0建物1車位0,三層,4,公寓(5樓含以下無電梯),住家用,鋼筋混凝土造,0611003,126.55,4,2,2,有,無,有,40000,316,,0.0,0,多人共同承租4；,RPSOMLNJIIKGFDA57CC,整棟(戶)出租,無,1141001~1150930,無,冷氣、熱水器、洗衣機、瓦斯或天然氣,
士林區,租賃房屋,臺北市士林區承德路四段２９４之４號５樓,0.0,,,,1140926,土地0建物1車位0,五層,12,住宅大樓(11層含以上有電梯),住家用,鋼筋混凝土造,0770715,133.72,3,2,2,有,有,無,39000,292,,0.0,0,,RPXNMLNJIIKGFEA08CC,整棟(戶)出租,有,1141020~1151019,有,,
大安區,租賃房屋,臺北市大安區敦化南路二段３４號,0.0,,,,1140925,土地0建物1車位0,一層,12,店面(店鋪),商業用,鋼筋混凝土造,0701228,139.46,0,1,1,有,有,無,88100,632,,0.0,0,1.免租裝修期：1140929至1141026止2.此租金已扣除稅10024，健保2115租金總額含稅；,RPTNMLNJIIKGFFA77CC,,有,1140929~1191026,有,,
大同區,租賃房屋,臺北市大同區民生西路１９１號１３樓,0.0,,,,1140921,土地0建物1車位0,十三層,15,住宅大樓(11層含以上有電梯),住家用,鋼筋混凝土造,1000510,168.05,4,2,2,有,有,有,80000,476,,0.0,0,租金總額含管理費；續租案件；,RPQNMLOJIIKGFBA17CC,整棟(戶)出租,有,1140921~1150920,有,冷氣、熱水器、洗衣機、電視機、冰箱、瓦斯或天然氣,
萬華區,租賃房屋,臺北市萬華區環河南路二段２１號８樓,0.0,,,,1140923,土地0建物1車位0,八層,24,住宅大樓(11層含以上有電梯),住家用,鋼筋混凝土造,1090807,89.31,2,2,1,有,有,有,60000,672,,0.0,0,租金總額含管理費；續租案件；,RPRNMLOJIIKGFBA27CC,整棟(戶)出租,有,1140923~1150922,有,冷氣、熱水器、洗衣機、電視機、冰箱、瓦斯或天然氣,
中正區,租賃房屋,臺北市中正區林森北路３號９樓,0.0,,,,1140925,土地0建物1車位0,九層,11,住宅大樓(11層含以上有電梯),一般事務所,鋼筋混凝土造,0950824,82.69,1,1,1,有,有,有,58000,701,,0.0,0,租金總額含管理費；網路費；其他有線電視費用；,RPSNMLOJIIKGFBA37CC,整棟(戶)出租,有,1140925~1150924,有,冷氣、熱水器、洗衣機、電視機、冰箱、有線電視、網路,
內湖區,租賃房屋,臺北市內湖區康樂街７２巷６弄３號五樓,0.0,,,,1140926,土地0建物1車位0,五層,5,公寓(5樓含以下無電梯),住家用,鋼筋混凝土造,0760112,93.34,3,2,2,有,無,無,28000,300,,0.0,0,,RPPNMLOJIIKGFCA17CC,整棟(戶)出租,無,1141001~1160930,無,冷氣、熱水器,一般代管
中山區,租賃房屋,臺北市中山區林森北路５８７號８樓之９,0.0,,,,1140925,土地0建物1車位0,八層,13,住宅大樓(11層含以上有電梯),住家用,鋼筋混凝土造,1000726,88.99000000000001,2,1,1,有,有,有,60000,674,,0.0,0,租金總額含管理費；,RPRNMLOJIIKGFCA37CC,整棟(戶)出租,有,1140925~1160924,有,冷氣、熱水器、洗衣機、電視機、冰箱,
中山區,租賃房屋,臺北市中山區南京東路三段８９巷２７弄１０號２樓,0.0,,,,1140926,土地0建物1車位0,二層,10,華廈(10層含以下有電梯),住家用,鋼筋混凝土造,1061002,75.57,2,1,1,有,有,有,70000,926,,0.0,0,租金總額含管理費；,RPSNMLOJIIKGFCA47CC,整棟(戶)出租,有,1140926~1160925,有,冷氣、熱水器、洗衣機、電視機、冰箱、瓦斯或天然氣,
中山區,租賃房屋,臺北市中山區南京東路二段１０８號１１樓,0.0,,,,1140926,土地0建物1車位0,十一層,18,住宅大樓(11層含以上有電梯),住家用,鋼骨造,0990917,61.65,1,1,1,有,有,有,43000,697,,0.0,0,租金總額含管理費；續租案件；,RPTNMLOJIIKGFCA57CC,獨立套房,有,1140926~1150925,有,冷氣、熱水器、洗衣機、電視機、冰箱、瓦斯或天然氣,
信義區,租賃房屋,臺北市信義區永吉路５３號１２樓之５,0.0,,,,1140922,土地0建物1車位0,十二層,14,住宅大樓(11層含以上有電梯),住家用,鋼筋混凝土造,0960524,71.84,2,2,1,有,有,有,40000,557,,0.0,0,,RPPNMLQJIIKGFDA57DC,整棟(戶)出租,有,1141001~1160930,有,冷氣、熱水器、洗衣機、冰箱、瓦斯或天然氣,
文山區,租賃房屋,臺北市文山區辛亥路五段９２之３號三樓,0.0,,,,1140926,土地0建物1車位0,三層,7,華廈(10層含以下有電梯),住家用,鋼筋混凝土造,0720211,106.26,3,2,2,有,有,無,30000,282,,0.0,0,租金總額含管理費；,RPRNMLRJIIKGFAA47CC,整棟(戶)出租,無,1141001~1150930,有,冷氣、熱水器、瓦斯或天然氣,
文山區,租賃房屋,臺北市文山區秀明路二段７巷８弄２號五樓,0.0,,,,1140925,土地0建物1車位0,五層,5,公寓(5樓含以下無電梯),住家用,鋼筋混凝土造,0721207,81.5,2,1,1,有,無,有,18000,221,,0.0,0,租金總額含水費；瓦斯費；網路費；,RPTNMLRJIIKGFAA67CC,整棟(戶)出租,無,1141008~1161007,無,冷氣、熱水器、洗衣機、瓦斯或天然氣、網路,
中正區,租賃房屋,臺北市中正區忠孝東路二段１００號１０樓之４,0.0,,,,1140925,土地0建物1車位0,十層,12,住宅大樓(11層含以上有電梯),住商用,鋼筋混凝土造,0650730,68.05,0,0,0,無,無,無,32000,470,,0.0,0,,RPPOMLRJIIKGFBA47CC,,有,1141001~1160930,有,,
內湖區,租賃房屋,臺北市內湖區民權東路六段９０巷６弄１０號四樓,0.0,,,,1140926,土地0建物1車位0,四層,5,公寓(5樓含以下無電梯),住家用,鋼筋混凝土造,0701102,106.39,3,2,2,有,無,有,30000,282,,0.0,0,多人共同承租3；,RPOOMLRJIIKGFCA47CC,整棟(戶)出租,無,1141001~1150930,無,冷氣、熱水器、洗衣機、冰箱,
北投區,租賃房屋,臺北市北投區知行路３３６號九樓之１０,0.0,,,,1140926,土地0建物1車位0,九層,13,住宅大樓(11層含以上有電梯),住家用,鋼筋混凝土造,0860122,68.31,1,1,1,有,有,有,16000,234,,0.0,0,國家住宅都市更新中心社會住宅包租代管計畫之物件，評定市價租金為17800元，因選擇「代管」方案須打9折，且 簽約租金無條件捨去至百分位，實際租賃契約金額16000元。,RPRNMLRJIIKGFEA87CC,獨立套房,有,1141005~1151004,有,冷氣、熱水器、瓦斯或天然氣,社會住宅代管
北投區,租賃房屋,臺北市北投區行義路２１號,0.0,,,,1140923,土地0建物1車位0,一層,4,店面(店鋪),住家用,鋼筋混凝土造,0670506,95.78,0,0,0,無,無,無,43000,449,,0.0,0,租金總額含稅；,RPTNMLRJIIKGFEA08CC,,無,1141007~1190917,無,,
北投區,租賃房屋,臺北市北投區東華街二段２１０號,0.0,,,,1140925,土地0建物1車位0,一層,5,店面(店鋪),商業用,鋼筋混凝土造,0730921,94.33,0,0,0,無,無,無,45511,482,,0.0,0,租金總額含稅；,RPUNMLRJIIKGFEA18CC,,無,1141017~1190927,無,,
北投區,租賃房屋,臺北市北投區尊賢街２３２號８樓,0.0,,,,1140926,土地0建物1車位0,八層,12,住宅大樓(11層含以上有電梯),住家用,鋼筋混凝土造,1090302,181.58999999999997,3,2,2,有,有,無,61000,336,,0.0,0,,RPWNMLRJIIKGFEA38CC,整棟(戶)出租,有,1141016~1161016,有,冷氣、熱水器、洗衣機、冰箱、瓦斯或天然氣,
大安區,租賃房屋,臺北市大安區新生南路三段１１巷７-１號４樓,0.0,,,,1140922,土地0建物0車位0,四層,4,公寓(5樓含以下無電梯),,鋼筋混凝土造,0640408,24.0,4,1,2,有,無,有,17000,708,,0.0,0,,RPQNMLRJIIKGFFA87CC,分租套房,無,1141001~1150930,無,,一般轉租
大安區,租賃房屋,臺北市大安區和平東路二段２６５巷７號,0.0,,,,1140926,土地0建物1車位0,全,2,透天厝,,加強磚造,,122.76,3,1,1,有,無,無,100000,815,,0.0,0,租賃期間含免租金裝潢期114年10月1日至115年2月1日。租金總額含稅；其他健保補充保費；租賃期間有約定不同租金自民國115年10月1日起，至民國116年9月30日止，每個月租金為新臺幣壹拾萬伍仟元整。自民國116年10月1日起，至民國117年9月30日止，每個月租金為新臺幣壹拾壹萬整。自民國117年10月1日起，至民國119年9月30日止，每個月租金為新臺幣壹拾貳萬整。；,RPRNMLRJIIKGFFA97CC,,無,1141001~1190930,無,,
中正區,租賃房屋,臺北市中正區三元街１８４號４樓,0.0,,,,1140921,土地0建物0車位0,四層,4,公寓(5樓含以下無電梯),住家用,鋼筋混凝土造,0640108,17.85,4,1,3,有,無,有,18000,1008,,0.0,0,本案為分租套房，本間為401室，租金包含水、垃圾處理費，包租業者另免費附贈網路及第四台。租金總額含水費；其他垃圾處理費；,RPSNMLSJIIKGFAA67CC,分租套房,無,1140921~1150920,無,冷氣、熱水器、洗衣機、電視機、冰箱、有線電視、網路,一般轉租
中正區,租賃房屋,臺北市中正區忠孝西路一段４５號５樓之７,0.0,,,,1140924,土地0建物1車位0,五層,12,住宅大樓(11層含以上有電梯),商業用,鋼筋混凝土造,0670104,29.83,1,1,1,有,有,無,15000,503,,0.0,0,此為國家住宅及都市更新中心社會住宅包租代管計畫之物件，評定市價租金為18800元，因選擇包租方案須打8折且簽約租金無條件捨去至百分位，實際租賃契約金額15000元。,RPSNMLSJIIKGFBA77CC,獨立套房,有,1141001~1150930,有,冷氣、熱水器,社會住宅包租轉租
大同區,租賃房屋,臺北市大同區民權西路２６８號１樓,0.0,,,,1140926,土地0建物1車位0,一層,15,店面(店鋪),Ｇ３第１９組一般零售業甲組（不包括日用百貨）,鋼筋混凝土造,1110209,99.2,0,1,1,有,有,無,36640,369,,0.0,0,未租賃車位，建物登記含有車位面積；,RPWNMLSJIIKGFBA18CC,,有,1140926~1161025,有,瓦斯或天然氣,
萬華區,租賃房屋,臺北市萬華區艋舺大道５９號二樓,0.0,,,,1140925,土地0建物1車位0,二層,4,公寓(5樓含以下無電梯),住家用,鋼筋混凝土造,0611114,45.17,2,2,1,有,無,有,28000,620,,0.0,0,國家住宅及都市更新中心社會住宅包租代管計畫之物件，市價租金為35000元，因選擇「包租」方案須打8折，且簽約租金無條件捨去至百分位，實際租賃契約金額28000元。續租案件；,RPXNMLSJIIKGFBA28CC,整棟(戶)出租,無,1141005~1150831,無,冷氣、熱水器、洗衣機、電視機、冰箱,社會住宅包租轉租
萬華區,租賃房屋,臺北市萬華區西園路２段２８３號,0.0,,,,1140926,土地0建物0車位0,全,4,透天厝,工業用,鋼筋混凝土造,0621004,18.51,15,0,15,有,無,有,17000,918,,0.0,0,本案為分租套房，本間為202室，租金包含水費及垃圾處理費等其他費用。包租業者另免費附贈網路及第四台。租金總額含水費；其他垃圾處理費；,RPVOMLSJIIKGFBA18CC,分租套房,無,1140926~1150925,無,冷氣、熱水器、洗衣機、電視機、冰箱、有線電視、網路,一般轉租
內湖區,租賃房屋,臺北市內湖區民權東路六段１２０巷５弄４號５樓,0.0,,,,1140926,土地0建物1車位0,五層,5,公寓(5樓含以下無電梯),住家用,鋼筋混凝土造,0730130,105.73,3,1,2,有,無,有,28000,265,,0.0,0,此為國家住宅及都市更新中心社會住宅包租代管計畫之物件，評定市價租金為35000元，因選擇包租方案須打8折且簽約租金無條件捨去至百分位，實際租賃契約金額28000元。,RPPNMLSJIIKGFCA57CC,整棟(戶)出租,無,1141025~1151024,無,冷氣、熱水器、瓦斯或天然氣,社會住宅包租轉租
中山區,租賃房屋,臺北市中山區林森北路２８６號七樓之２,0.0,,,,1140922,土地0建物1車位0,七層,12,住宅大樓(11層含以上有電梯),住家用,鋼筋混凝土造,0770905,41.12,1,1,1,有,有,有,17920,436,,0.0,0,國家住宅及都市更新中心社會住宅包租代管計畫之物件，評定市價租金為21200元，因選擇「代管」方案須打9折，且簽約租金無條件捨去至百分位，實際租賃契約金額19000元。租金總額19000元 包含管理費1080元由出租人負擔。,RPQOMLSJIIKGFCA77CC,獨立套房,有,1140925~1150924,有,冷氣、熱水器、洗衣機、電視機、冰箱、瓦斯或天然氣,社會住宅代管
松山區,租賃房屋,臺北市松山區民生東路五段１３８巷３號二樓之７,0.0,,,,1140921,土地0建物0車位0,二層,12,住宅大樓(11層含以上有電梯),住家用,鋼筋混凝土造,0641127,18.83,6,1,2,有,無,有,13000,690,,0.0,0,本案為分租雅房，本間為202室，租金包含水及垃圾處理費等其他費用。包租業者另免費附贈網路及第四台。租金總額含水費；其他垃圾處理費；,RPOPMLSJIIKGFDA77CC,分租雅房,無,1140921~1150920,有,冷氣、電視機、冰箱、有線電視、網路,一般轉租
士林區,租賃房屋,臺北市士林區天母西路１６之１號７樓,0.0,,,,1140923,土地0建物1車位0,七層,7,華廈(10層含以下有電梯),住家用,鋼筋混凝土造,0651106,162.5,4,2,2,有,有,有,70000,431,,0.0,0,其他租金內含發票稅；續租案件；,RPWNMLSJIIKGFEA48CC,整棟(戶)出租,有,1141015~1161014,有,冷氣、熱水器、洗衣機、電視機、冰箱、瓦斯或天然氣,
士林區,租賃房屋,臺北市士林區天玉街１５號４樓,0.0,,,,1140923,土地0建物0車位0,四層,7,華廈(10層含以下有電梯),住家用,鋼筋混凝土造,0720119,36.51,11,3,10,有,無,有,37500,1027,,0.0,0,本案為全新裝潢、全新家電，本間為兩房一廳一衛分租套房，第405室；租金包含水費，包租業者另免費附贈網路及第四台。租金總額含水費；租賃建物部分範圍，且未計入共有部分面積；,RPPPMLSJIIKGFEA97CC,分租套房,無,1140923~1150322,有,冷氣、熱水器、洗衣機、電視機、冰箱、有線電視、網路,一般轉租
大安區,租賃房屋,臺北市大安區信義路三段１３４巷４５弄１０號三樓,0.0,,,,1140924,土地0建物1車位0,三層,7,華廈(10層含以下有電梯),住家用,鋼筋混凝土造,0750515,119.35,3,2,2,有,有,有,50790,426,,0.0,0,租金總額含管理費；,RPQNMLSJIIKGFFA97CC,整棟(戶)出租,無,1141001~1160930,有,冷氣、熱水器、電視機、冰箱、瓦斯或天然氣,
中正區,租賃房屋,臺北市中正區三元街１８４號４樓,0.0,,,,1140921,土地0建物0車位0,四層,4,公寓(5樓含以下無電梯),住家用,鋼筋混凝土造,0640108,17.85,4,1,3,有,無,有,18000,1008,,0.0,0,本案為分租套房，本間為401室，租金包含水、垃圾處理費，包租業者另免費附贈網路及第四台。租金總額含水費；其他垃圾處理費；,RPQNMLTJIIKGFAA57CC,分租套房,無,1140921~1150920,無,冷氣、熱水器、洗衣機、電視機、冰箱、有線電視、網路,一般轉租
文山區,租賃房屋,臺北市文山區萬壽路６２之６號五樓,0.0,,,,1140923,土地0建物1車位0,五層,5,華廈(10層含以下有電梯),住家用,鋼筋混凝土造,0961023,41.96,1,1,1,有,有,有,15865,378,,0.0,0,國家住宅及都市更新中心社會住宅包租代管計畫之物件，評定市價租金為18400元，因選擇「代管」方案須打9折，且簽約租金無條件捨去至百分位，實際租賃契約金額16500元。租金總額16500元 包含管理費635元由出租人負擔。,RPRNMLTJIIKGFAA67CC,獨立套房,有,1140925~1150924,有,冷氣、熱水器、洗衣機、電視機、冰箱,社會住宅代管
文山區,租賃房屋,臺北市文山區一壽街２０巷２號３樓,0.0,,,,1140926,土地0建物1車位0,三層,5,公寓(5樓含以下無電梯),住家用,鋼筋混凝土造,0740112,104.55,3,2,2,有,無,有,25000,239,,0.0,0,此為台北市社會住宅包租代管計畫之物件，評定市價租金為27800元，因選擇代管方案須打9折且簽約租金無條件捨去至百分位，故實際租賃契約金額25000 元。續租案件；,RPTNMLTJIIKGFAA87CC,整棟(戶)出租,無,1140926~1150925,無,冷氣、熱水器、洗衣機、電視機、瓦斯或天然氣,社會住宅代管
文山區,租賃房屋,臺北市文山區木柵路四段３３巷７號７樓之１,0.0,,,,1140923,土地0建物1車位0,七層,10,華廈(10層含以下有電梯),住家用,鋼筋混凝土造,0971208,90.5,1,0,1,有,有,有,22000,243,,0.0,0,國家住宅及都市更新中心社會住宅包租代管計畫之物件，評定市價租金為24445元，因選擇「代管」方案須打9折，且簽約租金無條件捨去至百分位，實際租賃契約金額22000元。未租賃車位，建物登記含有車位面積；,RPOOMLTJIIKGFAA47CC,整棟(戶)出租,有,1140930~1150929,有,冷氣、熱水器、洗衣機、電視機、冰箱,社會住宅代管
大同區,租賃房屋,臺北市大同區重慶北路三段１３７巷２５號三樓,0.0,,,,1140922,土地0建物0車位0,三層,5,公寓(5樓含以下無電梯),住家用,鋼筋混凝土造,0731026,29.04,5,1,4,有,無,有,26000,895,,0.0,0,本案為分租套房，本間302室為兩房一廳一衛，租金包含水費、垃圾處理費；包租業另附贈網路、第四台等其他費用。租金總額含水費；其他垃圾處理費；續租案件；,RPWOMLTJIIKGFBA38CC,分租套房,無,1140924~1150923,無,冷氣、熱水器、洗衣機、電視機、冰箱、有線電視、網路,一般轉租
中山區,租賃房屋,臺北市中山區新生北路二段１０８號九樓之９,0.0,,,,1140923,土地0建物1車位0,九層,14,住宅大樓(11層含以上有電梯),商業用,鋼筋混凝土造,0680119,28.97,1,1,1,有,有,有,13400,463,,0.0,0,國家住宅及都市更新中心社會住宅包租代管計畫之物件，市價租金為17500元，因選擇「包租」方案須打8折，且簽約租金無條件捨去至百分位，實際租賃契約金額14000元。租金總額14000元 包含管理費600元由出租人負擔。,RPRNMLTJIIKGFCA87CC,獨立套房,有,1141001~1150930,有,冷氣、熱水器、洗衣機、電視機、冰箱、瓦斯或天然氣,社會住宅包租轉租
中山區,租賃房屋,臺北市中山區德惠街８號七樓之６,0.0,,,,1140923,土地0建物1車位0,七層,12,住宅大樓(11層含以上有電梯),一般事務所,鋼筋混凝土造,0951113,38.14,1,1,1,有,有,有,21154,555,,0.0,0,國家住宅及都市更新中心社會住宅包租代管計畫之物件，評定市價租金為25600元，因選擇「代管」方案須打9折，且簽約租金無條件捨去至百分位，實際租賃契約金額23000元。租金總額23000元 包含管理費1846元由出租人負擔。,RPSNMLTJIIKGFCA97CC,獨立套房,有,1140925~1150924,有,冷氣、熱水器、洗衣機、電視機、冰箱,社會住宅代管
中山區,租賃房屋,臺北市中山區松江路１９４巷１０號４樓,0.0,,,,1140926,土地0建物1車位0,四層,5,公寓(5樓含以下無電梯),住家用,鋼筋混凝土造,0821217,33.85,1,1,1,有,無,有,17000,502,,0.0,0,此為國家住宅及都市更新中心社會住宅包租代管計畫之物件，評定市價租金為21300元，因選擇包租方案須打8折且簽約租金無條件捨去至百分位，實際租賃契約金額17000元。,RPPOMLTJIIKGFCA77CC,獨立套房,無,1141005~1151004,無,冷氣、熱水器、電視機、冰箱,社會住宅包租轉租
內湖區,租賃房屋,臺北市內湖區新明路３８０巷３弄４號４樓,0.0,,,,1140924,土地0建物1車位0,四層,5,公寓(5樓含以下無電梯),住家用,鋼筋混凝土造,0701209,126.3,3,2,2,有,無,有,31200,247,,0.0,0,國家住宅及都市更新中心社會住宅包租代管計畫之物件，評定市價租金為39000元，因選擇「包租」方案須打8折，且簽約租金無條件捨去至百分位，實際租賃契約金額31200元。,RPWOMLTJIIKGFCA48CC,整棟(戶)出租,無,1140925~1170924,無,冷氣、熱水器、瓦斯或天然氣,社會住宅包租轉租
松山區,租賃房屋,臺北市松山區民生東路五段１３８巷３號二樓之７,0.0,,,,1140921,土地0建物0車位0,二層,12,住宅大樓(11層含以上有電梯),住家用,鋼筋混凝土造,0641127,18.83,6,1,2,有,無,有,13000,690,,0.0,0,本案為分租雅房，本間為202室，租金包含水及垃圾處理費等其他費用。包租業者另免費附贈網路及第四台。租金總額含水費；其他垃圾處理費；,RPSNMLTJIIKGFDA08CC,分租雅房,無,1140921~1150920,有,冷氣、電視機、冰箱、有線電視、網路,一般轉租
南港區,租賃房屋,臺北市南港區福德街３３９巷５弄２１號四樓,0.0,,,,1140921,土地0建物1車位0,四層,4,公寓(5樓含以下無電梯),住家用,鋼筋混凝土造,0660521,72.53,3,2,1,有,無,無,26500,365,,0.0,0,多人共同承租3；,RPTNMLTJIIKGFDA18CC,整棟(戶)出租,無,1140921~1170920,無,冷氣、熱水器、洗衣機、電視機、冰箱、瓦斯或天然氣,社會住宅包租轉租
南港區,租賃房屋,臺北市南港區研究院路二段１９７巷２１號三樓,0.0,,,,1140925,土地0建物1車位0,三層,3,公寓(5樓含以下無電梯),住家用,鋼筋混凝土造,0641211,69.55,2,1,1,有,無,有,16000,230,,0.0,0,,RPVNMLTJIIKGFDA38CC,整棟(戶)出租,無,1141001~1150930,無,冷氣、熱水器、洗衣機、冰箱,社會住宅包租轉租
松山區,租賃房屋,臺北市松山區南京東路五段３３６號十二樓之２,0.0,,,,1140924,土地0建物1車位0,十二層,12,住宅大樓(11層含以上有電梯),住家用,鋼筋混凝土造,0790119,50.22,1,1,1,有,有,有,22000,438,,0.0,0,國家住宅及都市更新中心社會住宅包租代管計畫之物件，評定市價租金為24500元，因選擇「代管」方案須打9折，且簽約租金無條件捨去至百分位，實際租賃契約金額22000元。,RPPOMLTJIIKGFDA87CC,獨立套房,有,1141016~1151015,有,冷氣、熱水器、洗衣機、電視機、冰箱,社會住宅代管
信義區,租賃房屋+車位,臺北市信義區永吉路２７８巷４６號,0.0,,,,1140923,土地0建物1車位1,一層,7,店面(店鋪),一般零售業（甲組）,鋼筋混凝土造,1121013,54.83,0,1,1,有,有,無,30000,547,塔式車位,20.58,0,租賃期間含免租金裝潢期自民國114年10月1日起至民國114年10月31日。,RPSOMLTJIIKGFDA18CC,,有,1141001~1151031,有,冷氣,
信義區,租賃房屋,臺北市信義區福德街８４巷１７號４樓,0.0,,,,1140922,土地0建物1車位0,四層,4,公寓(5樓含以下無電梯),集合住宅,鋼筋混凝土造,0621012,81.93,3,1,1,有,無,無,29000,354,,0.0,0,國家住宅及都市更新中心社會住宅包租代管計畫之物件，評定市價租金為32223元，因選擇「代管」方案須打9折，且簽約租金無條件捨去至百分位，實際租賃契約金額29000元。,RPTOMLTJIIKGFDA28CC,整棟(戶)出租,無,1140923~1150922,無,冷氣、熱水器、瓦斯或天然氣,社會住宅代管
信義區,租賃房屋,臺北市信義區忠孝東路五段８００號１１樓之６,0.0,,,,1140922,土地0建物1車位0,十一層,13,住宅大樓(11層含以上有電梯),一般事務所,鋼筋混凝土造,0960103,41.81,1,0,1,有,有,有,27000,646,,0.0,0,國家住宅及都市更新中心社會住宅包租代管計畫之物件，評定市價租金為30000元，因選擇「代管」方案須打9折，且簽約租金無條件捨去至百分位，實際租賃契約金額27000元。,RPUOMLTJIIKGFDA38CC,整棟(戶)出租,有,1141001~1150930,有,冷氣、熱水器、洗衣機、電視機、冰箱,社會住宅代管
士林區,租賃房屋,臺北市士林區天玉街１５號４樓,0.0,,,,1140923,土地0建物0車位0,四層,7,華廈(10層含以下有電梯),住家用,鋼筋混凝土造,0720119,36.51,11,3,10,有,無,有,37500,1027,,0.0,0,本案為全新裝潢、全新家電，本間為兩房一廳一衛分租套房，第405室；租金包含水費，包租業者另免費附贈網路及第四台。租金總額含水費；租賃建物部分範圍，且未計入共有部分面積；,RPVNMLTJIIKGFEA48CC,分租套房,無,1140923~1150322,有,冷氣、熱水器、洗衣機、電視機、冰箱、有線電視、網路,一般轉租
士林區,租賃房屋,臺北市士林區承德路四段３９之１號四樓,0.0,,,,1140923,土地0建物1車位0,四層,12,住宅大樓(11層含以上有電梯),住家用,鋼筋混凝土造,0860115,135.9,3,2,2,有,有,有,35000,258,,0.0,0,國家住宅及都市更新中心社會住宅包租代管計畫之物件，評定市價租金為38900元，因選擇「代管」方案須打9折，且簽約租金無條件捨去至百分位，實際租賃契約金額35000元。,RPOOMLTJIIKGFEA87CC,整棟(戶)出租,有,1141001~1150930,有,冷氣、熱水器、洗衣機、電視機、冰箱、瓦斯或天然氣,社會住宅代管
士林區,租賃房屋,臺北市士林區社子街８０號２樓,0.0,,,,1140922,土地0建物1車位0,二層,4,公寓(5樓含以下無電梯),住家用,鋼筋混凝土造,0650507,91.62,4,1,1,有,無,有,25000,273,,0.0,0,此為台北市社會住宅包租代管計畫之物件，評定市價租金為27800元，因選擇代管方案須打9折且簽約租金無條件捨去至百分位，故實際租賃契約金額25000 元。續租案件；,RPQOMLTJIIKGFEA08CC,整棟(戶)出租,無,1140922~1150921,無,冷氣、熱水器,社會住宅代管
士林區,租賃房屋,臺北市士林區中正路３９９巷１８號二樓,0.0,,,,1140924,土地0建物1車位0,二層,3,公寓(5樓含以下無電梯),住家用,加強磚造,0590212,65.76,3,1,1,有,無,有,16000,243,,0.0,0,國家住宅及都市更新中心社會住宅包租代管計畫之物件，市價租金為20000元，因選擇「包租」方案須打8折，且簽約租金無條件捨去至百分位，實際租賃契約金額16000元。,RPTOMLTJIIKGFEA38CC,整棟(戶)出租,無,1141012~1151011,無,冷氣、熱水器、冰箱,社會住宅包租轉租
北投區,租賃房屋,臺北市北投區崇仁路一段１７６號二樓,0.0,,,,1140924,土地0建物1車位0,二層,14,住宅大樓(11層含以上有電梯),住家用,鋼筋混凝土造,0870729,73.67,2,1,1,有,有,有,30000,407,,0.0,0,國家住宅及都市更新中心社會住宅包租代管計畫之物件，評定市價租金為33400元，因選擇「代管」方案須打9折，且簽約租金無條件捨去至百分位，實際租賃契約金額30000元。,RPUOMLTJIIKGFEA48CC,整棟(戶)出租,有,1141015~1151014,有,冷氣、熱水器、洗衣機、電視機、冰箱、瓦斯或天然氣,社會住宅代管
北投區,租賃房屋,臺北市北投區石牌路一段３９巷７０弄５號三樓,0.0,,,,1140924,土地0建物1車位0,三層,4,公寓(5樓含以下無電梯),住家用,鋼筋混凝土造,0610608,88.61,2,2,2,有,無,有,15000,169,,0.0,0,國家住宅及都市更新中心社會住宅包租代管計畫之物件，評定市價租金為16700元，因選擇「代管」方案須打9折，且簽約租金無條件捨去至百分位，實際租賃契約金額15000元。,RPVOMLTJIIKGFEA58CC,整棟(戶)出租,無,1141025~1151024,無,冷氣、熱水器、洗衣機、電視機、冰箱、瓦斯或天然氣,社會住宅代管
大安區,租賃房屋,臺北市大安區光復南路４１２號２樓之１,0.0,,,,1140925,土地0建物1車位0,二層,12,辦公商業大樓,商業用,鋼筋混凝土造,0730713,123.81,0,0,0,無,無,無,55183,446,,0.0,0,租金總額含稅；租賃期間有約定不同租金114/11/15-116/11/14-月租新台幣55183元，116/11/15-117/11/14-月租新台幣56320元；,RPRNMLTJIIKGFFA18CC,,有,1141115~1171114,有,,
信義區,租賃房屋,臺北市信義區忠孝東路５段３７２巷２７弄６９之１號３樓,0.0,,,,1140923,土地0建物1車位0,三層,7,華廈(10層含以下有電梯),住家用,鋼筋混凝土造,0730423,114.22,3,2,2,有,有,有,35800,313,,0.0,0,,RPTNMLLKIIKGFDA47CC,整棟(戶)出租,無,1141015~1161014,有,冷氣、冰箱、瓦斯或天然氣,
中山區,租賃房屋,臺北市中山區建國北路二段６４巷１６號４樓,0.0,,,,1140926,土地0建物0車位0,四層,4,公寓(5樓含以下無電梯),住家用,加強磚造,0570126,11.5,4,1,2,有,無,有,10800,939,,0.0,0,租金總額含網路費；租賃建物部分範圍，且未計入共有部分面積；,RPUNMLMKIIKGFCA57CC,分租雅房,無,1141001~1150930,無,冷氣、熱水器、洗衣機、冰箱、網路,一般轉租
中正區,租賃房屋,臺北市中正區齊東街８０號４樓,0.0,,,,1140924,土地0建物1車位0,四層,4,公寓(5樓含以下無電梯),住家用,鋼筋混凝土造,0610531,106.67,3,2,1,有,無,有,39000,366,,0.0,0,,RPPNMLNKIIKGFBA07CC,整棟(戶)出租,無,1141001~1150930,無,冷氣、熱水器、洗衣機、冰箱、瓦斯或天然氣,一般轉租
內湖區,租賃房屋,臺北市內湖區陽光街９２巷１８弄４號５樓,0.0,,,,1140925,土地0建物1車位0,五層,5,公寓(5樓含以下無電梯),住家用,鋼筋混凝土造,0711224,68.05,2,2,1,有,無,無,25000,367,,0.0,0,,RPSNMLNKIIKGFCA47CC,整棟(戶)出租,無,1141001~1160930,無,冷氣、熱水器、瓦斯或天然氣,
內湖區,租賃房屋+車位,臺北市內湖區成功路四段６１巷５３號５樓,0.0,,,,1140925,土地0建物1車位1,五層,15,住宅大樓(11層含以上有電梯),住家用,鋼筋混凝土造,1060905,201.76,3,2,2,有,有,無,67001,332,坡道平面,0.0,0,,RPSOMLNKIIKGFCA57CC,整棟(戶)出租,有,1140901~1150228,有,熱水器、瓦斯或天然氣,一般轉租
內湖區,租賃房屋+車位,臺北市內湖區成功路四段６１巷５３號５樓之２,0.0,,,,1140926,土地0建物1車位1,五層,15,住宅大樓(11層含以上有電梯),住家用,鋼筋混凝土造,1060905,196.93,3,2,2,有,有,無,68220,346,坡道平面,0.0,0,,RPTOMLNKIIKGFCA67CC,整棟(戶)出租,有,1140901~1160831,有,熱水器、瓦斯或天然氣,一般轉租
南港區,租賃房屋,臺北市南港區東新街８０巷１４弄１號二樓,0.0,,,,1140921,土地0建物1車位0,二層,4,公寓(5樓含以下無電梯),住家用,鋼筋混凝土造,0650721,77.91,2,2,2,有,無,有,30000,385,,0.0,0,此為臺北市社會住宅包租代管計畫之物件，評定市價租金為33400元，因選擇代管方案須打九折且簽約租金無條件捨去至百分位，實際租賃契約金額為30000元。,RPOOMLNKIIKGFDA27CC,整棟(戶)出租,無,1141001~1150930,無,冷氣、熱水器、洗衣機、電視機、冰箱、瓦斯或天然氣,社會住宅代管
信義區,租賃房屋,臺北市信義區忠孝東路五段１之６號１０F,12.85,住,,,1140922,土地10建物1車位0,十層,14,辦公商業大樓,住家用,鋼筋混凝土造,0720714,153.27,0,0,0,無,有,無,75000,489,,0.0,0,租金總額含稅；租賃期間有約定不同租金114/10/23-114/10/31 租金21774元114/11/1-117/10/31    租金75000元/月117/11/1-119/10/31    租金78000元/月；,RPWOMLNKIIKGFDA08CC,,有,1140923~1191031,有,冷氣,
士林區,租賃房屋,臺北市士林區社中街２６０之１號三樓,0.0,,,,1140921,土地0建物1車位0,三層,5,公寓(5樓含以下無電梯),住家用,鋼筋混凝土造,0700131,97.7,3,2,1,有,無,無,15000,154,,0.0,0,此為臺北市社會住宅包租代管計畫之物件，評定市價租金為16700元，因選擇代管方案須打九折且簽約租金無條件捨去至百分位，實際租賃契約金額為15000元。,RPWNMLNKIIKGFEA08CC,整棟(戶)出租,無,1141001~1150930,無,熱水器、瓦斯或天然氣,社會住宅代管
士林區,租賃房屋,臺北市士林區社中街２５８之１號二樓,0.0,,,,1140921,土地0建物1車位0,二層,5,公寓(5樓含以下無電梯),住家用,鋼筋混凝土造,0700131,97.51,3,2,1,有,無,無,15500,159,,0.0,0,此為臺北市社會住宅包租代管計畫之物件，評定市價租金為17300元，因選擇代管方案須打九折且簽約租金無條件捨去至百分位，實際租賃契約金額為15500元。,RPXNMLNKIIKGFEA18CC,整棟(戶)出租,無,1141010~1151009,無,熱水器、瓦斯或天然氣,社會住宅代管
士林區,租賃房屋,臺北市士林區社中街２５８號５樓,0.0,,,,1140923,土地0建物1車位0,五層,5,公寓(5樓含以下無電梯),住家用,鋼筋混凝土造,0700131,97.51,3,2,1,有,無,無,14500,149,,0.0,0,此為臺北市社會住宅包租代管計畫之物件，評定市價租金為16200元，因選擇代管方案須打九折且簽約租金無條件捨去至百分位，實際租賃契約金額為14500元。,RPOOMLNKIIKGFEA37CC,整棟(戶)出租,無,1141010~1151009,無,熱水器、瓦斯或天然氣,社會住宅代管
大安區,租賃房屋,臺北市大安區新生南路三段１１巷７-１號４F,0.0,,,,1140925,土地0建物0車位0,四層,4,公寓(5樓含以下無電梯),,鋼筋混凝土造,0640408,16.0,4,1,2,有,無,有,13500,844,,0.0,0,,RPTNMLNKIIKGFFA87CC,分租雅房,無,1141001~1150930,無,冷氣、熱水器、洗衣機、電視機、冰箱、瓦斯或天然氣、網路,一般轉租
萬華區,租賃房屋,臺北市萬華區西寧南路６７號２樓,0.0,,,,1140921,土地0建物0車位0,二層,10,華廈(10層含以下有電梯),商業用,鋼筋混凝土造,0760425,24.0,8,0,8,有,無,有,25800,1075,,0.0,0,飯店式管理，提供24小時現場櫃檯服務、專人客房及垃圾清潔、專人設備修繕、免費零食mini bar，並可接受30日以上之短租最低租期非一年租金總額含水費；電費；瓦斯費；,RPTNMLOKIIKGFBA57CC,分租套房,無,1140921~1141020,有,冷氣、熱水器、洗衣機、電視機、冰箱、網路,一般轉租
萬華區,租賃房屋,臺北市萬華區萬大路２７７巷４８號七樓之１,0.0,,,,1140923,土地0建物1車位0,七層,12,住宅大樓(11層含以上有電梯),住家用,鋼筋混凝土造,0711027,46.88,1,1,1,有,有,有,20000,427,,0.0,0,,RPWNMLOKIIKGFBA87CC,獨立套房,有,1141001~1150930,有,冷氣、熱水器、洗衣機、冰箱、瓦斯或天然氣、有線電視、網路,社會住宅代管
大同區,租賃房屋,臺北市大同區重慶北路三段２６１號,0.0,,,,1140922,土地0建物0車位0,全,4,透天厝,,加強磚造,,41.69,12,0,6,有,無,有,26000,624,,0.0,0,,RPTPMLOKIIKGFBA77CC,分租套房,無,1140925~1150924,無,冷氣、洗衣機、電視機、瓦斯或天然氣,一般轉租
大同區,租賃房屋,臺北市大同區寧夏路２２之１號５樓之６,0.0,,,,1140924,土地0建物1車位0,五層,9,華廈(10層含以下有電梯),商業用,鋼筋混凝土造,0850624,23.62,1,1,1,有,有,有,15500,656,,0.0,0,此為國家住宅及都市更新中心社會住宅包租代管計畫之物件，評定市價租金為19400元，因選擇包租方案須打8折且簽約租金無條件捨去至百分位，實際租賃契約金額15500元。,RPQQMLOKIIKGFBA57CC,獨立套房,有,1140929~1150928,有,冷氣、熱水器、洗衣機、電視機、冰箱,社會住宅包租轉租
萬華區,租賃房屋,臺北市萬華區環河南路二段１８７號二樓,0.0,,,,1140926,土地0建物1車位0,二層,7,華廈(10層含以下有電梯),住家用,鋼筋混凝土造,0720117,91.58,3,1,2,有,有,有,19000,207,,0.0,0,此為臺北市社會住宅包租代管計畫之物件，評定市價租金為21200元，因選擇代管方案須打九折且簽約租金無條件捨去至百分位，實際租賃契約金額為19000元。管理費每個月600元不包含在租金內,RPSQMLOKIIKGFBA77CC,整棟(戶)出租,有,1141015~1151014,有,冷氣、熱水器,社會住宅代管
萬華區,租賃房屋,臺北市萬華區和平西路三段３１８號三樓,0.0,,,,1140926,土地0建物1車位0,三層,4,公寓(5樓含以下無電梯),住家用,鋼筋混凝土造,0650413,88.04,2,1,1,有,無,有,22000,250,,0.0,0,此為臺北市社會住宅包租代管計畫之物件，評定市價租金為24500元，因選擇代管方案須打九折且簽約租金無條件捨去至百分位，實際租賃契約金額為22000元。,RPTQMLOKIIKGFBA87CC,整棟(戶)出租,無,1141015~1151014,無,冷氣、熱水器、洗衣機,社會住宅代管
中山區,租賃房屋,臺北市中山區台北市中山區南京東路２段１４４號,0.0,,,,1140925,土地0建物0車位0,全,4,透天厝,,鋼筋混凝土造,0560720,45.82,15,7,8,有,無,有,20000,436,,0.0,0,307號房,RPPPMLOKIIKGFCA47CC,分租套房,無,1140925~1150924,無,冷氣、熱水器、洗衣機、電視機、冰箱,
內湖區,租賃房屋,臺北市內湖區內湖路一段４９號三樓,0.0,,,,1140924,土地0建物0車位0,三層,5,華廈(10層含以下有電梯),住家用,鋼筋混凝土造,0780920,30.21,22,0,19,有,無,有,21500,712,,0.0,0,租賃建物部分範圍，且未計入共有部分面積；,RPSPMLOKIIKGFCA77CC,分租套房,無,1140928~1150927,有,冷氣、熱水器、洗衣機、冰箱,一般轉租
內湖區,租賃房屋,臺北市內湖區康樂街１８４號５樓,0.0,,,,1140921,土地0建物0車位0,五層,5,公寓(5樓含以下無電梯),住家用,鋼筋混凝土造,0730621,42.58,3,1,3,有,無,有,20000,470,,0.0,0,租金總額含水費；網路費；其他第四台；租賃建物部分範圍，且未計入共有部分面積；,RPXPMLOKIIKGFCA28CC,分租套房,無,1140921~1160920,無,冷氣、熱水器、洗衣機、電視機、冰箱、有線電視、網路,一般代管
中山區,租賃房屋,臺北市中山區民權東路一段３６號十一樓之５,0.0,,,,1140923,土地0建物1車位0,十一層,12,住宅大樓(11層含以上有電梯),住家用,鋼筋混凝土造,0961002,40.510000000000005,1,1,1,有,有,有,23000,568,,0.0,0,國家住宅及都市更新中心社會住宅包租代管計畫之物件，市價租金為28800元，因選擇「包租」方案須打8折，且簽約租金無條件捨去至百分位，實際租賃契約金額23000元。,RPOQMLOKIIKGFCA47CC,獨立套房,有,1141005~1151004,有,冷氣、熱水器、洗衣機、電視機、冰箱、瓦斯或天然氣,社會住宅包租轉租
松山區,租賃房屋,臺北市松山區八德路四段７２巷１６弄１４號６樓,0.0,,,,1140924,土地0建物1車位0,六層,6,華廈(10層含以下有電梯),住家用,鋼筋混凝土造,0791117,34.22,1,1,1,有,有,有,15000,438,,0.0,0,此為國家住宅及都市更新中心社會住宅包租代管計畫之物件，評定市價租金為18800元，因選擇包租方案須打8折且簽約租金無條件捨去至百分位，實際租賃契約金額15000元。,RPTOMLOKIIKGFDA87CC,獨立套房,有,1141016~1151015,有,冷氣、熱水器、洗衣機、電視機、冰箱,社會住宅包租轉租
北投區,租賃房屋,臺北市北投區大興街５６號三樓,0.0,,,,1140923,土地0建物1車位0,三層,6,華廈(10層含以下有電梯),住家用,鋼筋混凝土造,0831116,115.41,3,2,2,有,有,有,35000,303,,0.0,0,臺北市社會住宅包租代管計畫之物件，評定市價租金為38900元，因選擇代管方案須打9折，且簽約租金無條件捨去至百分位，實際租賃契約金額35000元。租金總額含管理費；,RPRNMLOKIIKGFEA67CC,整棟(戶)出租,有,1141016~1151015,有,冷氣、熱水器、瓦斯或天然氣,社會住宅代管
大同區,租賃房屋,臺北市大同區重慶北路四段２２０巷１０號四樓,0.0,,,,1140923,土地0建物0車位0,四層,4,公寓(5樓含以下無電梯),住家用,鋼筋混凝土造,0610123,19.83,5,0,5,有,無,有,20500,1034,,0.0,0,,RPSOMLOKIIKGFEA87CC,分租套房,無,1140924~1150923,無,冷氣、洗衣機、冰箱、瓦斯或天然氣,一般轉租
北投區,租賃房屋,臺北市北投區溫泉路７１號６樓之２５,0.0,,,,1140924,土地0建物1車位0,六層,7,華廈(10層含以下有電梯),住家用,鋼筋混凝土造,0700218,30.03,1,1,1,有,有,有,14000,466,,0.0,0,此為國家住宅及都市更新中心社會住宅包租代管計畫之物件，評定市價租金為17500元，因選擇包租方案須打8折且簽約租金無條件捨去至百分位，實際租賃契約金額14000元。,RPWOMLOKIIKGFEA28CC,獨立套房,有,1141010~1151009,有,冷氣、熱水器、洗衣機、冰箱,社會住宅包租轉租
大安區,租賃房屋,臺北市大安區新生南路三段７６巷６ 號３樓,0.0,,,,1140922,土地0建物0車位0,三層,5,公寓(5樓含以下無電梯),住家用,鋼筋混凝土造,0620622,20.86,5,1,3,有,無,有,22500,1079,,0.0,0,租金總額含網路費；其他垃圾代收；,RPXNMLOKIIKGFFA38CC,分租套房,無,1141001~1150930,無,冷氣、熱水器、洗衣機、冰箱、網路,一般轉租
萬華區,租賃房屋,臺北市萬華區萬大路４２３巷１０弄１４號一樓,0.0,,,,1140924,土地0建物1車位0,一層,2,公寓(5樓含以下無電梯),住家用,加強磚造,0521012,58.89,2,1,1,有,無,有,16000,272,,0.0,0,國家住宅及都市更新中心社會住宅包租代管計畫之物件，評定市價租金為17800元，因選擇「代管」方案須打9折，且簽約租金無條件捨去至百分位，實際租賃契約金額16000元。多人共同承租2；,RPWNMLPKIIKGFBA97CC,整棟(戶)出租,無,1141001~1150930,無,冷氣、熱水器、洗衣機、電視機、冰箱,社會住宅代管
萬華區,租賃房屋,臺北市萬華區內江街６３號九樓之１,0.0,,,,1140924,土地0建物1車位0,九層,14,住宅大樓(11層含以上有電梯),住家用,鋼筋混凝土造,0921204,43.95,1,1,1,有,有,有,23700,539,,0.0,0,國家住宅及都市更新中心社會住宅包租代管計畫之物件，評定市價租金為27800元，因選擇「代管」方案須打9折，且簽約租金無條件捨去至百分位，實際租賃契約金額25000元。租金總額25000元 包含管理費1300元由出租人負擔。,RPOOMLPKIIKGFBA27CC,獨立套房,有,1141001~1150930,有,冷氣、熱水器、洗衣機、電視機、冰箱,社會住宅代管
大同區,租賃房屋,臺北市大同區南京西路３４０號,0.0,,,,1140924,土地0建物0車位0,全,4,透天厝,,加強磚造,,19.83,18,2,16,有,無,有,16000,807,,0.0,0,本案為分租套房，本間為301室，租金包含水、垃圾處理費；包租業另附贈網路、第四台等其他費用。租金總額含水費；其他垃圾處理費；續租案件；,RPQOMLPKIIKGFBA47CC,分租套房,無,1141001~1150930,無,冷氣、熱水器、洗衣機、電視機、冰箱、有線電視、網路,一般轉租
大同區,租賃房屋,臺北市大同區重慶北路二段５號,0.0,,,,1140925,土地0建物0車位0,全,4,透天厝,住商用,加強磚造,0460824,15.96,7,1,6,有,無,有,14000,877,,0.0,0,本案為分租套房，本間為303室，租金包含水、垃圾處理費，包租業者另免費附贈網路及第四台。租金總額含水費；其他垃圾處理費；續租案件；,RPROMLPKIIKGFBA57CC,分租套房,無,1141005~1151004,無,冷氣、熱水器、洗衣機、電視機、冰箱、有線電視、網路,一般轉租
大同區,租賃房屋,臺北市大同區民族西路１８７巷３５號四樓,0.0,,,,1140921,土地0建物0車位0,四層,4,公寓(5樓含以下無電梯),住家用,鋼筋混凝土造,0640915,31.24,3,0,3,有,無,有,15000,480,,0.0,0,4C房多人共同承租2；租金總額含水費；網路費；其他第四台；租賃建物部分範圍，且未計入共有部分面積；,RPTOMLPKIIKGFBA77CC,分租套房,無,1140921~1151009,無,冷氣、熱水器、洗衣機、電視機、冰箱、瓦斯或天然氣、有線電視、網路,一般代管
大同區,租賃房屋+車位,臺北市大同區重慶北路三段１７６號、１７８號,0.0,,,,1140925,土地0建物2車位1,見其他登記事項,13,店面(店鋪),一般零售業甲組限為第（二）、（六）、（十八）第二目：書籍、紙張、文具及體育用品；第六目：古玩、藝品；第十八目：集郵、錢幣,鋼筋混凝土造,1030829,377.53999999999996,0,2,2,有,有,無,180000,477,坡道平面,33.72,0,含有多個門牌且未個別計算租金臺北市大同區重慶北路三段176號1層、2層；租賃期間有約定不同租金115/1/1-117/12/31租金不調整118/1/1-121/12/31依主計處公布之房租指數漲跌；,RPVOMLPKIIKGFBA97CC,,有,1150101~1211231,有,,
大同區,租賃房屋,臺北市大同區敦煌路２４巷６號６樓之８,0.0,,,,1140925,土地0建物1車位0,六層,9,華廈(10層含以下有電梯),住家用,鋼筋混凝土造,1080516,47.260000000000005,1,0,1,有,無,有,28000,592,,0.0,0,,RPWOMLPKIIKGFBA08CC,獨立套房,有,1140926~1150925,有,冷氣、熱水器、洗衣機、冰箱,
大同區,租賃房屋,臺北市大同區南京西路５７號五樓,0.0,,,,1140922,土地0建物1車位0,五層,19,住宅大樓(11層含以上有電梯),住家用,鋼筋混凝土造,1080304,75.15,2,1,1,有,有,有,60000,798,,0.0,0,租金總額含管理費；續租案件；,RPQPMLPKIIKGFBA57CC,整棟(戶)出租,有,1141201~1161130,有,冷氣、熱水器、洗衣機、電視機、冰箱、瓦斯或天然氣,
中山區,租賃房屋,臺北市中山區松江路２５９巷２４號３樓,0.0,,,,1140924,土地0建物0車位0,三層,3,公寓(5樓含以下無電梯),,加強磚造,,21.5,3,0,3,有,無,有,17000,791,,0.0,0,301室續租案件；,RPRNMLPKIIKGFCA57CC,分租套房,無,1141001~1150930,無,冷氣、熱水器、洗衣機、電視機、冰箱、有線電視、網路,一般轉租
中山區,租賃房屋,臺北市中山區松江路７７巷２號三樓之１３,0.0,,,,1140924,土地0建物1車位0,三層,11,住宅大樓(11層含以上有電梯),商業用,鋼筋混凝土造,0931224,33.5,1,1,1,有,有,有,35000,1045,,0.0,0,國家住宅及都市更新中心社會住宅包租代管計畫之物件，評定市價租金為38900元，因選擇「代管」方案須打9折，且簽約租金無條件捨去至百分位，實際租賃契約金額35000元。,RPTNMLPKIIKGFCA77CC,獨立套房,有,1141010~1151009,有,冷氣、熱水器、洗衣機、電視機、冰箱,社會住宅代管
中山區,租賃房屋,臺北市中山區長春路３７８號９樓之２,0.0,,,,1140925,土地0建物1車位0,九層,16,住宅大樓(11層含以上有電梯),住家用,鋼筋混凝土造,0850710,137.39,3,1,1,有,有,有,57000,415,,0.0,0,,RPWNMLPKIIKGFCA08CC,整棟(戶)出租,有,1141101~1151031,有,冷氣、熱水器、電視機、冰箱、瓦斯或天然氣,
內湖區,租賃房屋,臺北市內湖區成功路二段４８６巷１４號十樓之３,0.0,,,,1140924,土地0建物1車位0,十層,11,住宅大樓(11層含以上有電梯),住家用,鋼筋混凝土造,0870911,42.84,1,1,1,有,有,有,20000,467,,0.0,0,國家住宅及都市更新中心社會住宅包租代管計畫之物件，評定市價租金為22300元，因選擇「代管」方案須打9折，且簽約租金無條件捨去至百分位，實際租賃契約金額20000元。,RPOOMLPKIIKGFCA37CC,獨立套房,有,1141001~1150930,有,冷氣、熱水器、洗衣機、電視機、冰箱,社會住宅代管
松山區,租賃房屋,臺北市松山區敦化北路４巷６２號,0.0,,,,1140925,土地0建物3車位0,見其他登記事項,7,店面(店鋪),商業用,鋼筋混凝土造,0701229,304.23,0,0,0,無,無,無,180000,592,,0.0,0,含有多個門牌且未個別計算租金敦化北路4巷62號1樓+2樓+地下室；,RPTOMLPKIIKGFDA97CC,,無,1141016~1240115,無,,
松山區,租賃房屋,臺北市松山區民生東路五段１３８巷３號四樓之７,0.0,,,,1140925,土地0建物0車位0,四層,12,住宅大樓(11層含以上有電梯),住家用,鋼筋混凝土造,0641127,16.46,6,1,2,有,無,有,11000,668,,0.0,0,本案為分租雅房，本間為405室，租金包含水、垃圾處理費，包租業者另免費附贈網路及第四台。租金總額含水費；其他垃圾處理費；續租案件；,RPVOMLPKIIKGFDA18CC,分租雅房,無,1141010~1151009,有,冷氣、電視機、冰箱、有線電視、網路,一般轉租
北投區,租賃房屋,臺北市北投區幽雅路７號七樓之５,0.0,,,,1140924,土地0建物1車位0,七層,13,住宅大樓(11層含以上有電梯),住家用,鋼筋混凝土造,0980205,38.17,1,1,1,有,有,有,10000,262,,0.0,0,國家住宅及都市更新中心社會住宅包租代管計畫之物件，評定市價租金為11200元，因選擇「代管」方案須打9折，且簽約租金無條件捨去至百分位，實際租賃契約金額10000元。,RPSOMLPKIIKGFEA97CC,獨立套房,有,1141001~1150930,有,冷氣、熱水器、洗衣機、電視機、冰箱,社會住宅代管
士林區,租賃房屋,臺北市士林區福國路７１號３樓,0.0,,,,1140923,土地0建物0車位0,三層,4,公寓(5樓含以下無電梯),住家用,鋼筋混凝土造,0621226,18.45,7,0,7,有,無,有,16000,867,,0.0,0,本案為分租套房，本間為306室，租金包含水費、垃圾處理費；包租業另附贈網路、第四台等其他費用。租金總額含水費；其他垃圾處理費；續租案件；,RPWOMLPKIIKGFEA38CC,分租套房,無,1141006~1151005,無,冷氣、熱水器、洗衣機、電視機、冰箱、有線電視、網路,一般轉租
北投區,車位,臺北市北投區中央南路二段１２之７號十九樓,0.0,,,,1140922,土地0建物0車位1,,,其他,,,,36.91,0,0,0,無,無,無,4000,,坡道平面,36.91,4000,其他車位清潔費；,RPQPMLPKIIKGFEA87CC,,,1140922~1150921,,,
大安區,租賃房屋,臺北市大安區復興南路二段７８巷６號５樓之２,0.0,,,,1140926,土地0建物1車位0,五層,7,華廈(10層含以下有電梯),住家用,鋼筋混凝土造,0760619,155.39,4,2,2,有,有,有,58000,373,,0.0,0,,RPQNMLPKIIKGFFA77CC,整棟(戶)出租,有,1141101~1201031,有,冷氣、熱水器、冰箱、瓦斯或天然氣,
士林區,租賃房屋+車位,臺北市士林區 忠誠路二段１９６號８樓,0.0,住,,,1140922,土地1建物1車位1,八層,26,住宅大樓(11層含以上有電梯),住家用,鋼骨混凝土造,0841103,286.67,3,2,2,有,有,無,220600,770,坡道平面,0.0,0,,RPPNMLPKIIKGFEA67DC,整棟(戶)出租,有,1140922~1160921,有,冷氣、熱水器、瓦斯或天然氣、網路,一般包租
萬華區,租賃房屋,臺北市萬華區環河南路２段３５巷１５弄３號,0.0,,,,1140924,土地0建物0車位0,全,3,透天厝,,加強磚造,,43.77,2,1,1,有,無,無,13300,304,,0.0,0,租賃建物部分範圍，且未計入共有部分面積；續租案件；,RPPOMLQKIIKGFBA47CC,分租套房,無,1140925~1150924,無,,一般代管
內湖區,租賃房屋,臺北市內湖區麗山街１３７號４樓,0.0,,,,1140922,土地0建物0車位0,四層,5,公寓(5樓含以下無電梯),住家用,鋼筋混凝土造,0730320,10.0,4,2,1,有,無,有,11800,1180,,0.0,0,租金總額含網路費；租賃建物部分範圍，且未計入共有部分面積；,RPRNMLQKIIKGFCA67CC,分租雅房,無,1141001~1160228,無,冷氣、熱水器、洗衣機、冰箱、瓦斯或天然氣、網路,一般轉租
內湖區,租賃房屋,臺北市內湖區麗山街１４５巷８號,0.0,,,,1140924,土地0建物0車位0,一層,5,公寓(5樓含以下無電梯),商業用,鋼筋混凝土造,0730320,10.0,5,2,3,有,無,有,8190,819,,0.0,0,此為2人房其中一床租賃建物部分範圍，且未計入共有部分面積；,RPSNMLQKIIKGFCA77CC,分租雅房,無,1140925~1150924,無,冷氣、熱水器、洗衣機、電視機、冰箱、瓦斯或天然氣、網路,一般轉租
內湖區,租賃房屋,臺北市內湖區麗山街１４５巷８號,0.0,,,,1140925,土地0建物0車位0,一層,5,公寓(5樓含以下無電梯),商業用,鋼筋混凝土造,0730320,19.8,5,2,3,有,無,有,7140,361,,0.0,0,此為4人房其中一床租賃建物部分範圍，且未計入共有部分面積；,RPTNMLQKIIKGFCA87CC,分租雅房,無,1140925~1150930,無,冷氣、熱水器、洗衣機、電視機、冰箱、瓦斯或天然氣、網路,一般轉租
中山區,租賃房屋,臺北市中山區建國北路二段３巷１５號十一樓之１、３,0.0,,,,1140925,土地0建物2車位0,八層,9,華廈(10層含以下有電梯),商業用,鋼筋混凝土造,0811217,291.28,0,0,0,無,有,無,145000,498,,0.0,0,租金總額含稅；含有多個門牌且未個別計算租金建國北路二段3巷15號八樓之1建國北路二段3巷15號八樓之3兩戶打通；,RPQPMLQKIIKGFCA77CC,,有,1141201~1241130,有,冷氣,
信義區,租賃房屋+車位,臺北市信義區信義路五段７號５５樓之一,0.0,,,,1140925,土地0建物1車位2,五十五層,101,辦公商業大樓,金融保險業,鋼骨造,0931112,656.13,1,0,0,有,有,無,898122,1369,坡道平面,0.0,0,,RPSNMLQKIIKGFDA87CC,,有,1150101~1191231,有,,
士林區,租賃房屋,臺北市士林區中山北路六段２１０號五樓,0.0,,,,1140924,土地0建物1車位0,五層,5,公寓(5樓含以下無電梯),住家用,鋼筋混凝土造,0700810,79.01,2,1,1,有,無,有,27500,348,,0.0,0,國家住宅及都市更新中心社會住宅包租代管計畫之物件，市價租金為34400元，因選擇「包租」方案須打8折，且簽約租金無條件捨去至百分位，實際租賃契約金額27500元。多人共同承租2；,RPUNMLQKIIKGFEA18CC,整棟(戶)出租,無,1140928~1151127,無,冷氣、熱水器、洗衣機、電視機、冰箱、瓦斯或天然氣,社會住宅包租轉租
北投區,租賃房屋,臺北市北投區裕民六路１１４巷２７之３號,0.0,,,,1140925,土地0建物1車位0,一層,5,公寓(5樓含以下無電梯),住家用,鋼筋混凝土造,0661117,96.81,3,2,1,有,無,有,27000,279,,0.0,0,國家住宅及都市更新中心社會住宅包租代管計畫之物件，評定市價租金為30000元，因選擇「代管」方案須打9折，且簽約租金無條件捨去至百分位，實際租賃契約金額27000元。,RPVNMLQKIIKGFEA28CC,整棟(戶)出租,無,1141001~1150930,無,冷氣、熱水器、洗衣機、電視機、冰箱,社會住宅代管
大安區,租賃房屋,臺北市大安區潮州街４８巷３弄１號三樓,0.0,,,,1140925,土地0建物1車位0,三層,5,公寓(5樓含以下無電梯),住家用,鋼筋混凝土造,0780810,118.56,3,1,2,有,無,有,19000,160,,0.0,0,國家住宅及都市更新中心社會住宅包租代管計畫之物件，評定市價租金為21200元，因選擇「代管」方案須打9折，且簽約租金無條件捨去至百分位，實際租賃契約金額19000元。,RPUNMLQKIIKGFFA28CC,整棟(戶)出租,無,1141001~1150930,無,冷氣、熱水器、洗衣機、電視機、冰箱,社會住宅代管
大安區,租賃房屋,臺北市大安區忠孝東路三段２５１巷１２弄１０之３號,0.0,,,,1140921,土地0建物0車位0,四層,4,公寓(5樓含以下無電梯),,加強磚造,,28.28,3,2,2,有,無,有,31000,1096,,0.0,0,B室,RPWNMLQKIIKGFFA48CC,分租套房,無,1140922~1150930,無,冷氣、熱水器、洗衣機、電視機、冰箱、有線電視、網路,一般轉租
中正區,租賃房屋,臺北市中正區和平西路二段７８號四樓之２,0.0,,,,1140924,土地0建物1車位0,四層,7,華廈(10層含以下有電梯),住家用,鋼筋混凝土造,0690416,44.489999999999995,2,1,1,有,有,有,26000,584,,0.0,0,國家住宅及都市更新中心社會住宅包租代管計畫之物件，評定市價租金為28900元，因選擇「代管」方案須打9折，且簽約租金無條件捨去至百分位，實際租賃契約金額26000元。,RPPNMLRKIIKGFAA37CC,整棟(戶)出租,有,1141022~1151021,有,冷氣、熱水器、洗衣機、電視機、冰箱,社會住宅代管
文山區,租賃房屋,臺北市文山區景興路１８８號８樓之１６,0.0,,,,1140926,土地0建物1車位0,八層,24,住宅大樓(11層含以上有電梯),商業用,見使用執照,0850104,43.82,1,0,1,有,有,有,17000,388,,0.0,0,國家住宅及都市更新中心社會住宅包租代管計畫之物件，評定市價租金為21300元，因選擇「包租」方案須打8折，且簽約租金無條件捨去至百分位，實際租賃契約金額17000元。續租案件；,RPSNMLRKIIKGFAA67CC,整棟(戶)出租,有,1141013~1151012,有,冷氣、熱水器、洗衣機、電視機、冰箱,社會住宅包租轉租
萬華區,租賃房屋,臺北市萬華區寶興街３８巷１１號３樓,0.0,,,,1140924,土地0建物1車位0,三層,4,公寓(5樓含以下無電梯),住家用,鋼筋混凝土造,0610322,74.07,3,2,1,有,無,有,24000,324,,0.0,0,國家住宅及都市更新中心社會住宅包租代管計畫之物件，評定市價租金為30000元，因選擇「包租」方案須打8折，且簽約租金無條件捨去至百分位，實際租賃契約金額24000元。,RPOOMLRKIIKGFBA47CC,整棟(戶)出租,無,1141010~1151009,無,熱水器、冰箱、瓦斯或天然氣,社會住宅包租轉租
萬華區,租賃房屋,臺北市萬華區桂林路２４６巷４２弄４號５樓,0.0,,,,1140924,土地0建物0車位0,五層,5,公寓(5樓含以下無電梯),住家用,鋼筋混凝土造,0700616,56.1,4,2,2,有,無,有,25100,447,,0.0,0,多人共同承租2；租金總額含水費；,RPPOMLRKIIKGFBA57CC,分租套房,無,1140924~1160923,無,冷氣、熱水器、洗衣機、電視機、冰箱,一般代管
中山區,租賃房屋,臺北市中山區龍江路２８８號八樓之５,0.0,,,,1140923,土地0建物1車位0,八層,8,華廈(10層含以下有電梯),商業用,鋼筋混凝土造,0890302,46.49,1,1,1,有,有,有,20000,430,,0.0,0,多人共同承租2；,RPPNMLRKIIKGFCA57CC,獨立套房,有,1141025~1151024,有,冷氣、熱水器、洗衣機、電視機、冰箱,社會住宅代管
中山區,租賃房屋,臺北市中山區新生北路二段６２巷４０號二樓之３,0.0,,,,1140923,土地0建物1車位0,二層,9,華廈(10層含以下有電梯),商業用,鋼筋混凝土造,0860628,38.93,1,1,1,有,有,有,14000,360,,0.0,0,,RPQNMLRKIIKGFCA67CC,獨立套房,有,1141030~1151029,有,冷氣、熱水器、洗衣機、電視機,社會住宅代管
內湖區,租賃房屋,臺北市內湖區成功路四段９３號,0.0,,,,1140926,土地0建物1車位0,見其他登記事項,23,店面(店鋪),一層：一般零售業甲組﹝含便利商店﹞二層：一般零售業甲組﹝不含便利商店﹞,鋼筋混凝土造,1030827,263.36,0,2,2,有,有,無,170000,646,,0.0,0,租金總額含稅；,RPVNMLRKIIKGFCA18CC,,有,1141001~1220930,有,,
中山區,租賃房屋,臺北市中山區林森北路８５巷３９號２樓之５,0.0,,,,1140925,土地0建物1車位0,二層,7,華廈(10層含以下有電梯),商業用,鋼筋混凝土造,0661020,33.11,1,0,1,有,有,有,14000,423,,0.0,0,國家住宅及都市更新中心社會住宅包租代管計畫之物件，評定市價租金為17500元，因選擇「包租」方案須打8折，且簽約租金無條件捨去至百分位，實際租賃契約金額14000元。續租案件；,RPSOMLRKIIKGFCA97CC,整棟(戶)出租,有,1141001~1150930,有,冷氣、熱水器、洗衣機、電視機、冰箱,社會住宅包租轉租
中山區,租賃房屋+車位,臺北市中山區新生北路一段８６號六樓,0.0,,,,1140922,土地0建物1車位1,六層,15,住宅大樓(11層含以上有電梯),住家用,鋼筋混凝土造,0770716,182.44,3,2,2,有,有,無,80000,439,坡道平面,29.15,0,,RPTOMLRKIIKGFCA08CC,整棟(戶)出租,有,1141001~1160930,有,洗衣機、電視機、冰箱,
南港區,租賃房屋,臺北市南港區研究院路二段２０７號４樓,0.0,,,,1140923,土地0建物1車位0,四層,5,公寓(5樓含以下無電梯),住家用,鋼筋混凝土造,0720820,92.69,3,2,1,有,無,有,17000,183,,0.0,0,國家住宅及都市更新中心社會住宅包租代管計畫之物件，評定市價租金為18900元，因選擇「代管」方案須打9折，且簽約租金無條件捨去至百分位，實際租賃契約金額17000元。續租案件；,RPOOMLRKIIKGFDA67CC,整棟(戶)出租,無,1140928~1150927,無,冷氣、熱水器、洗衣機、電視機、冰箱,社會住宅代管
士林區,租賃房屋,臺北市士林區平菁街２０號,0.0,,,,1140924,土地0建物1車位0,全,2,透天厝,住家用,鋼筋混凝土造,0920702,228.44,5,3,2,有,無,無,15000,66,,0.0,0,,RPTNMLRKIIKGFEA18CC,整棟(戶)出租,無,1141018~1171017,無,熱水器,社會住宅包租轉租
大安區,租賃房屋,臺北市大安區新生南路二段７６號,0.0,,,,1140926,土地0建物1車位0,一層,7,店面(店鋪),見使用執照,鋼筋混凝土造,0690526,145.26,0,0,0,無,無,無,185000,1274,,0.0,0,租金總額含稅；含增建或未登記建物；未租賃車位，建物登記含有車位面積；,RPRNMLRKIIKGFFA08CC,,無,1141001~1190930,有,,
大安區,租賃房屋,臺北市大安區四維路５２巷１７號三樓之１,0.0,,,,1140925,土地0建物0車位0,三層,4,公寓(5樓含以下無電梯),,鋼筋混凝土造,0630122,9.92,5,1,2,有,無,有,11500,1159,,0.0,0,租金總額含網路費；其他清潔費；續租案件；,RPTNMLRKIIKGFFA28CC,分租雅房,無,1141013~1150612,無,冷氣、熱水器、洗衣機、冰箱、瓦斯或天然氣、網路,一般轉租
北投區,租賃房屋+車位,臺北市北投區石牌路二段３６３號１１樓之１,25.36,住,,,1140923,土地1建物1車位1,十一層,14,住宅大樓(11層含以上有電梯),（第二組）多戶住宅－Ｈ２集合住宅,鋼筋混凝土造,1140107,165.19,3,2,2,有,有,無,52000,315,坡道平面,37.52,0,,RPPNMLTKIIKGFEA97CC,整棟(戶)出租,有,1141011~1151010,有,冷氣、熱水器、瓦斯或天然氣,一般包租
文山區,租賃房屋,臺北市文山區景興路１８８號１３樓之１０,0.0,,,,1140926,土地0建物1車位0,十三層,24,住宅大樓(11層含以上有電梯),住家用,見使用執照,0850104,45.03,1,0,1,有,有,有,18000,400,,0.0,0,國家住宅及都市更新中心社會住宅包租代管計畫之物件，評定市價租金為22500元，因選擇「包租」方案須打8折，且簽約租金無條件捨去至百分位，實際租賃契約金額18000元。,RPPOMLKLIIKGFAA86CC,整棟(戶)出租,有,1140926~1150925,有,冷氣、熱水器、電視機、冰箱,社會住宅包租轉租
中正區,租賃房屋,臺北市中正區羅斯福路三段２４４巷９弄３號六樓之５,0.0,,,,1140925,土地0建物1車位0,六層,7,華廈(10層含以下有電梯),多戶住宅,鋼筋混凝土造,1120105,69.47999999999999,2,1,1,有,有,有,31000,446,,0.0,0,未租賃車位，建物登記含有車位面積；續租案件；,RPSOMLKLIIKGFAA17CC,整棟(戶)出租,有,1140925~1150924,有,冷氣、熱水器、洗衣機、冰箱,社會住宅代管
中正區,租賃房屋,臺北市中正區莒光路９８號二樓,0.0,,,,1140925,土地0建物0車位0,二層,2,公寓(5樓含以下無電梯),住家用,鋼筋混凝土造,0581231,25.74,3,1,1,有,無,無,7000,272,,0.0,0,,RPUOMLKLIIKGFAA37CC,分租雅房,無,1140925~1150924,無,,一般轉租
大同區,租賃房屋,臺北市大同區迪化街二段２７７號二樓,0.0,,,,1140925,土地0建物0車位0,二層,4,公寓(5樓含以下無電梯),住家用,鋼筋混凝土造,0611205,21.92,4,0,4,有,無,有,15500,707,,0.0,0,,RPSOMLKLIIKGFBA27CC,分租套房,無,1141001~1150930,無,冷氣、熱水器、洗衣機、冰箱,一般轉租
大同區,租賃房屋,臺北市大同區華陰街１７９號五樓,0.0,,,,1140924,土地0建物0車位0,五層,5,華廈(10層含以下有電梯),,鋼筋混凝土造,0640815,26.45,9,0,9,有,無,有,18000,681,,0.0,0,,RPUOMLKLIIKGFBA47CC,分租套房,無,1141010~1150109,有,冷氣、洗衣機、冰箱、瓦斯或天然氣,一般轉租
萬華區,租賃房屋,臺北市萬華區昆明街７９號８樓之２,0.0,,,,1140925,土地0建物1車位0,八層,10,華廈(10層含以下有電梯),一般事務所,鋼筋混凝土造,0750404,28.17,1,0,1,有,有,有,16000,568,,0.0,0,國家住宅及都市更新中心社會住宅包租代管計畫之物件，評定市價租金為17800元，因選擇「代管」方案須打9折，且簽約租金無條件捨去至百分位，實際租賃契約金額16000元。,RPRPMLKLIIKGFBA27CC,整棟(戶)出租,有,1140925~1150924,有,冷氣、熱水器、洗衣機、電視機、冰箱,社會住宅代管
萬華區,租賃房屋,臺北市萬華區峨眉街５號６樓之１８,0.0,,,,1140925,土地0建物1車位0,六層,6,華廈(10層含以下有電梯),商業用,鋼筋混凝土造,0761105,29.479999999999997,1,0,1,有,有,有,16000,543,,0.0,0,國家住宅及都市更新中心社會住宅包租代管計畫之物件，評定市價租金為17800元，因選擇「代管」方案須打9折，且簽約租金無條件捨去至百分位，實際租賃契約金額16000元。,RPSPMLKLIIKGFBA37CC,整棟(戶)出租,有,1140925~1150924,有,冷氣、熱水器、洗衣機、電視機、冰箱,社會住宅代管
大同區,租賃房屋,臺北市大同區民權西路９１號八樓之３,0.0,,,,1140924,土地0建物1車位0,八層,12,住宅大樓(11層含以上有電梯),住家用,鋼筋混凝土造,0690609,25.419999999999998,1,0,1,有,有,有,10000,393,,0.0,0,,RPVPMLKLIIKGFBA67CC,獨立套房,有,1140927~1150926,有,冷氣、洗衣機、冰箱,社會住宅包租轉租
萬華區,租賃房屋,臺北市萬華區康定路２０６號七樓之１０,0.0,,,,1140925,土地0建物1車位0,七層,12,住宅大樓(11層含以上有電梯),見使用執照,鋼筋混凝土造,0670718,28.93,1,0,1,有,有,有,9000,311,,0.0,0,,RPWPMLKLIIKGFBA77CC,獨立套房,有,1141023~1151022,有,冷氣、洗衣機、冰箱,社會住宅包租轉租
萬華區,租賃房屋,臺北市萬華區萬大路１８７巷３弄１號二樓,0.0,,,,1140925,土地0建物1車位0,二層,5,公寓(5樓含以下無電梯),住家用,鋼筋混凝土造,0640508,47.76,2,1,1,有,無,有,13000,272,,0.0,0,,RPXPMLKLIIKGFBA87CC,整棟(戶)出租,無,1141001~1150930,無,冷氣、熱水器、洗衣機、瓦斯或天然氣,社會住宅包租轉租
中山區,租賃房屋,臺北市中山區農安街１９號十一樓之５,0.0,,,,1140922,土地0建物1車位0,十一層,14,住宅大樓(11層含以上有電梯),住家用,鋼筋混凝土造,0920618,37.05,1,1,1,有,有,有,42000,1134,,0.0,0,租金總額含管理費；網路費；其他有線電視；,RPOOMLKLIIKGFCA96CC,獨立套房,有,1141001~1150930,有,冷氣、熱水器、洗衣機、電視機、冰箱、有線電視、網路,
中山區,租賃房屋,臺北市中山區德惠街７之６號九樓,0.0,,,,1140922,土地0建物1車位0,九層,12,住宅大樓(11層含以上有電梯),集合住宅第二組：多戶住宅,鋼筋混凝土造,1091211,101.08,2,2,2,有,有,有,60000,594,,0.0,0,租金總額含管理費；,RPPOMLKLIIKGFCA07CC,整棟(戶)出租,有,1140922~1150921,有,冷氣、熱水器、洗衣機、電視機、冰箱、瓦斯或天然氣,
內湖區,租賃房屋,臺北市內湖區安泰街４５巷１４弄２１號５樓,0.0,,,,1140922,土地0建物0車位0,五層,5,公寓(5樓含以下無電梯),住家用,鋼筋混凝土造,0730613,36.0,3,1,2,有,無,有,13000,361,,0.0,0,租金總額含網路費；租賃建物部分範圍，且未計入共有部分面積；,RPUOMLKLIIKGFCA57CC,分租雅房,無,1140922~1151021,無,冷氣、熱水器、洗衣機、冰箱、瓦斯或天然氣、網路,一般轉租
中山區,租賃房屋,臺北市中山區興安街８０巷１２號二樓,0.0,,,,1140926,土地0建物0車位0,二層,4,公寓(5樓含以下無電梯),住家用,鋼筋混凝土造,0590708,22.38,4,1,4,有,無,有,8500,380,,0.0,0,續租案件；,RPRQMLKLIIKGFCA47CC,分租套房,無,1141005~1151004,無,冷氣、熱水器、洗衣機、冰箱,一般代管
松山區,租賃房屋,臺北市松山區民權東路三段１４４號十樓,0.0,,,,1140924,土地0建物1車位0,十層,15,辦公商業大樓,住家用,鋼筋混凝土造,0730915,169.9,0,0,0,無,有,無,88000,518,,0.0,0,交屋日起至民國114年10月31日止為免租金裝潢期租金總額含稅；,RPPOMLKLIIKGFDA17CC,,有,1141101~1171031,有,,
信義區,租賃房屋,臺北市信義區忠孝東路五段４２３巷６弄２１號四樓,0.0,,,,1140924,土地0建物1車位0,四層,5,公寓(5樓含以下無電梯),集合住宅,鋼筋混凝土造,0780425,104.72,3,2,1,有,無,有,33000,315,,0.0,0,續租案件；,RPROMLKLIIKGFDA37CC,整棟(戶)出租,無,1141101~1151031,無,冷氣、熱水器、冰箱、瓦斯或天然氣,社會住宅代管
南港區,租賃房屋,臺北市南港區八德路四段８７９號之２,0.0,,,,1140923,土地0建物1車位0,一層,16,辦公商業大樓,商業用,鋼筋混凝土造,0841219,46.06,0,0,0,無,有,無,10000,217,,0.0,0,租期一年：自民國114年10月01日起至民國115年09月30日止。租金總額含稅；,RPSOMLKLIIKGFDA47CC,,有,1141001~1150930,有,,
信義區,租賃房屋,臺北市信義區松隆路２３９號八樓,0.0,,,,1140926,土地0建物1車位0,八層,22,住宅大樓(11層含以上有電梯),集合住宅,鋼骨造,1131224,138.09,3,2,2,有,有,有,75000,543,,0.0,0,,RPTOMLKLIIKGFDA57CC,整棟(戶)出租,有,1141001~1160930,有,冷氣、熱水器、洗衣機、電視機、冰箱、瓦斯或天然氣,
北投區,租賃房屋,臺北市北投區溫泉路３７巷２６號十樓之９,0.0,,,,1140921,土地0建物1車位0,十層,13,住宅大樓(11層含以上有電梯),住家用,鋼筋混凝土造,0941111,48.019999999999996,1,0,1,有,有,無,23500,489,,0.0,0,租金總額含管理費；含增建或未登記建物；,RPWOMLKLIIKGFEA97CC,獨立套房,有,1141001~1160930,有,冷氣、熱水器、洗衣機、冰箱、瓦斯或天然氣,
士林區,租賃房屋,臺北市士林區通河街３２５巷４６之５號,0.0,,,,1140925,土地0建物1車位0,五層,5,公寓(5樓含以下無電梯),住家用,鋼筋混凝土造,0591210,29.48,2,1,1,有,無,有,8500,288,,0.0,0,續租案件；,RPXOMLKLIIKGFEA08CC,整棟(戶)出租,無,1141101~1151031,無,冷氣、熱水器、洗衣機、冰箱、瓦斯或天然氣,社會住宅包租轉租
士林區,租賃房屋+車位,臺北市士林區大西路７３號３樓,0.0,,,,1140922,土地0建物1車位1,三層,9,華廈(10層含以下有電梯),住家用,鋼筋混凝土造,0900119,241.88,4,2,2,有,有,有,68165,282,坡道平面,44.94,0,續租案件；,RPOPMLKLIIKGFEA27CC,整棟(戶)出租,有,1141201~1151130,有,冷氣、熱水器、洗衣機、電視機、冰箱、瓦斯或天然氣,
士林區,租賃房屋,臺北市士林區天玉街３９巷４號７樓,0.0,,,,1140926,土地0建物1車位0,七層,7,華廈(10層含以下有電梯),住家用,鋼筋混凝土造,0741212,165.29999999999998,4,2,2,有,有,有,68400,414,,0.0,0,續租案件；,RPPPMLKLIIKGFEA37CC,整棟(戶)出租,有,1141101~1161031,有,冷氣、熱水器、洗衣機、電視機、冰箱、瓦斯或天然氣,
大安區,租賃房屋,臺北市大安區忠孝東路四段８７號１１樓之２,0.0,,,,1140922,土地0建物1車位0,十一層,15,辦公商業大樓,商業用,鋼筋混凝土造,0770121,162.3,0,0,0,無,有,無,95000,585,,0.0,0,,RPSNMLKLIIKGFFA57CC,,有,1140930~1161012,有,冷氣,
大安區,租賃房屋+車位,臺北市大安區仁愛路四段３７６號１３樓之１,0.0,,,,1140924,土地0建物1車位1,十三層,16,辦公商業大樓,商業用,鋼筋混凝土造,0730614,426.21,0,0,0,無,有,無,280000,657,坡道平面,0.0,0,免租期裝潢期自114年10月01日起至114年10月31日止租金總額含稅；,RPXNMLKLIIKGFFA08CC,,有,1141001~1160930,有,,
中正區,租賃房屋,臺北市中正區中華路二段３０７巷３４號五樓,0.0,,,,1140925,土地0建物1車位0,五層,5,公寓(5樓含以下無電梯),,加強磚造,0560519,25.63,1,1,1,有,無,有,10000,390,,0.0,0,續租案件；,RPRNMLLLIIKGFAA07CC,獨立套房,無,1141105~1161104,無,冷氣、熱水器、瓦斯或天然氣,社會住宅包租轉租
大同區,租賃房屋,臺北市大同區雙連街１６號四樓,0.0,,,,1140925,土地0建物1車位0,四層,4,公寓(5樓含以下無電梯),住家用,鋼筋混凝土造,0651202,94.34,3,2,2,有,無,有,35000,371,,0.0,0,此為國家住宅及都市更新中心社會住宅包租代管計畫之物件，評定市價租金為38900元，因選擇代管方案須打9折且簽約租金無條件捨去至百分位，實際租賃契約金額35000元。續租案件；,RPPNMLLLIIKGFBA96CC,整棟(戶)出租,無,1141002~1151001,無,冷氣、熱水器、洗衣機、電視機、冰箱、瓦斯或天然氣,社會住宅代管
中正區,租賃房屋,臺北市中正區忠孝東路二段１１０號,0.0,,,,1140924,土地0建物1車位0,見其他登記事項,3,店面(店鋪),一層：停車空間，一般零售業甲組（除便利商店以外）、二三層：一般零售業甲組（除便利商店以外）,鋼筋混凝土造,1010327,320.21,0,0,0,無,無,無,250000,781,,0.0,0,114.12.01-115.01.31為免付租金裝潢期。租金總額含稅；租賃期間有約定不同租金第1-3年每月250000元，第4-5年每月257500元；,RPTOMLLLIIKGFBA47CC,,無,1141201~1191130,無,,
中山區,租賃房屋,臺北市中山區新生北路三段４６號二樓之７,0.0,,,,1140924,土地0建物1車位0,二層,12,住宅大樓(11層含以上有電梯),商業用,鋼筋混凝土造,0700504,42.870000000000005,1,0,1,有,有,有,11300,264,,0.0,0,續租案件；,RPRNMLLLIIKGFCA27CC,獨立套房,有,1140925~1150924,有,冷氣、熱水器、瓦斯或天然氣,社會住宅代管
中山區,租賃房屋,臺北市中山區興安街８０巷１２號二樓,0.0,,,,1140926,土地0建物0車位0,二層,4,公寓(5樓含以下無電梯),住家用,鋼筋混凝土造,0590708,22.38,4,1,4,有,無,有,10500,469,,0.0,0,續租案件；,RPSNMLLLIIKGFCA37CC,分租套房,無,1141005~1151004,無,冷氣、熱水器、洗衣機、冰箱,一般代管
內湖區,租賃房屋+車位,臺北市內湖區新湖三路１８９號５樓,0.0,,,,1140922,土地0建物1車位2,五層,7,廠辦,策略性產業、資訊服務業,鋼筋混凝土造,1011128,397.12,4,1,0,有,有,無,111000,280,坡道平面,66.14,0,分租案，實際租賃面積為100坪車位面積另計。,RPVNMLLLIIKGFCA67CC,,有,1141001~1191031,有,,
北投區,租賃房屋,臺北市北投區溫泉路１３９號七樓之７,0.0,,,,1140923,土地0建物1車位0,七層,7,華廈(10層含以下有電梯),住家用,鋼筋混凝土造,0661017,34.97,1,0,1,有,有,無,11138,319,,0.0,0,租金總額含管理費；含增建或未登記建物；,RPWOMLLLIIKGFEA08CC,獨立套房,有,1141001~1150930,有,冷氣、洗衣機,
中山區,租賃房屋,臺北市中山區農安街６號１２樓之９,0.0,,,,1140925,土地0建物1車位0,十二層,14,住宅大樓(11層含以上有電梯),住家用,鋼筋混凝土造,0980622,55.379999999999995,1,0,1,有,有,有,57000,1029,,0.0,0,,RPRPMLMLIIKGFCA57CC,整棟(戶)出租,有,1140925~1141025,有,冷氣、熱水器、洗衣機、電視機、冰箱、有線電視、網路,一般轉租
中山區,租賃房屋+車位,臺北市中山區新生北路二段６２巷１２號９樓之２,0.0,,,,1140923,土地0建物1車位1,九層,19,住宅大樓(11層含以上有電梯),住家用,鋼骨鋼筋混凝土造,1050322,195.73000000000002,3,2,2,有,有,有,100000,511,坡道平面,33.33,0,續租案件；,RPUPMLMLIIKGFCA87CC,整棟(戶)出租,有,1141201~1151130,有,冷氣、熱水器、洗衣機、電視機、冰箱、瓦斯或天然氣,
大安區,租賃房屋,臺北市大安區和平東路一段１８５號７樓之５,0.0,,,,1140923,土地0建物2車位0,七層,15,住宅大樓(11層含以上有電梯),住家用,鋼筋混凝土造,0970519,86.84,2,2,2,有,有,有,48924,563,,0.0,0,含有多個門牌且未個別計算租金和平東路一段185號7樓之6；續租案件；,RPSNMLMLIIKGFFA77CC,整棟(戶)出租,有,1141105~1151104,有,冷氣、熱水器、洗衣機、電視機、冰箱、瓦斯或天然氣,
大同區,租賃房屋,臺北市大同區太原路１１巷２９號,0.0,,,,1140924,土地0建物0車位0,全,3,透天厝,,加強磚造,,24.6,3,3,3,有,無,無,20200,821,,0.0,0,,RPSNMLNLIIKGFBA47CC,分租雅房,無,1140924~1150923,無,冷氣、洗衣機、電視機、冰箱,一般轉租
大同區,租賃房屋,臺北市大同區延平北路二段２５８號二樓,0.0,,,,1140925,土地0建物0車位0,十層,10,華廈(10層含以下有電梯),商業用,鋼筋混凝土造,0670621,33.69,59,0,59,有,無,有,21000,623,,0.0,0,本案為分租套房，本間為位於十樓的1108室，租金包含水電費、垃圾處理費，包租業者另免費附贈網路及第四台。租金總額含水費；電費；其他垃圾處理費；租賃建物部分範圍，且未計入共有部分面積；續租案件；,RPOOMLNLIIKGFBA17CC,分租套房,無,1141014~1151013,有,冷氣、熱水器、洗衣機、電視機、冰箱、瓦斯或天然氣、有線電視、網路,一般轉租
中山區,租賃房屋,臺北市中山區民生東路三段５７號９樓,0.0,,,,1140926,土地0建物1車位0,九層,12,住宅大樓(11層含以上有電梯),住家用,鋼筋混凝土造,0750110,175.49,2,2,2,有,有,無,63800,364,,0.0,0,民國114年10月10日至114年11月14日止為免租裝潢期,RPTNMLNLIIKGFCA67CC,,有,1141010~1161114,有,,
中山區,租賃房屋,臺北市中山區農安街８號十三樓之２,0.0,,,,1140925,土地0建物1車位0,十三層,14,住宅大樓(11層含以上有電梯),住家用,鋼筋混凝土造,0980622,57.29,1,1,1,有,有,有,35000,611,,0.0,0,租金總額含管理費；續租案件；,RPUNMLNLIIKGFCA77CC,獨立套房,有,1141201~1151130,有,冷氣、熱水器、洗衣機、電視機、冰箱,
信義區,租賃房屋,臺北市信義區忠孝東路四段５２７號、５２９號、５３１號６樓,0.0,,,,1140925,土地0建物3車位0,六層,20,辦公商業大樓,商業用,鋼筋混凝土造,0710527,1247.85,0,0,0,無,有,無,1466471,1175,,0.0,0,租金總額含稅；,RPPNMLNLIIKGFDA37CC,,有,1141001~1180531,有,,
松山區,租賃房屋,臺北市松山區民生東路五段１３７巷４弄２９號三樓,46.0,住,,,1140925,土地1建物1車位0,三層,4,公寓(5樓含以下無電梯),住家用,鋼筋混凝土造,0630709,139.14,4,2,2,有,無,無,40000,287,,0.0,0,,RPXNMLNLIIKGFDA18CC,整棟(戶)出租,無,1141001~1190930,無,,
士林區,租賃房屋,臺北市士林區中山北路六段１９５巷８號十二樓之３,0.0,,,,1140926,土地0建物1車位0,十二層,14,住宅大樓(11層含以上有電梯),住家用,鋼筋混凝土造,0970506,142.94,3,2,2,有,有,有,80000,560,,0.0,0,,RPSNMLNLIIKGFEA77CC,整棟(戶)出租,有,1141001~1160930,有,冷氣、熱水器、洗衣機、電視機、冰箱、瓦斯或天然氣,
北投區,租賃房屋,臺北市北投區石牌路１段７１巷９弄１９號地下,0.0,,,,1140926,土地0建物2車位0,地下層,6,華廈(10層含以下有電梯),見使用執照,鋼筋混凝土造,0830323,904.9100000000001,0,0,0,無,有,無,125000,138,,0.0,0,含有多個門牌且未個別計算租金承租二戶另一地址為台北市內湖區石牌路1段71巷9弄19號地下樓之1；,RPPNMLOLIIKGFEA57CC,,有,1140926~1161120,有,,
信義區,租賃房屋,臺北市信義區忠孝東路４段５６９號４樓之二,0.0,,,,1140926,土地0建物1車位0,四層,14,住宅大樓(11層含以上有電梯),集合住宅,鋼筋混凝土造,1050613,156.52,2,1,2,有,有,有,205800,1315,,0.0,0,租金總額含管理費；水費；電費；瓦斯費；網路費；未租賃車位，建物登記含有車位面積；,RPSNMLPLIIKGFDA87CC,整棟(戶)出租,有,1141005~1141104,有,冷氣、熱水器、洗衣機、電視機、冰箱、瓦斯或天然氣、有線電視、網路,一般轉租
